case_id,regime,kvs_mode,kvs_contention_multiplier,decode_binding_requested,strategy_id,offered_requests,attempt_count,strict_useful_token_goodput,strict_useful_output_token_goodput,request_goodput,minimum_tier_slo_attainment,jain_fairness,fairness_floor_pass,local_hit_tokens,remote_hit_tokens,uncached_tokens,token_hit_rate,request_load_max_mean,p_queue_p95,kvs_normalized_work,spill_count,decode_normalized_utilization,decode_queue_p95,completion_max_work
COMPUTE_BOUND-DISABLED,COMPUTE_BOUND,DISABLED,1,False,HYBRID,23608,23608,6.62378336667,0.138688366667,0.00077,0.893723849372,0.99985321554,True,111821942,0,90969759,0.551412811513,1.00304981362,7536.96,0,12038,0.0716636166667,0,18003030.64
COMPUTE_BOUND-DISABLED,COMPUTE_BOUND,DISABLED,1,False,PRICED_SPILL,23608,23608,6.62466386667,0.138709433333,0.000770033333333,0.893933054393,0.999825928529,True,111799871,0,90991830,0.551303975699,1.02126397831,7519.28,0,11441,0.0716636166667,0,18003030.64
COMPUTE_BOUND-DISABLED,COMPUTE_BOUND,DISABLED,1,False,S3_GB_PREFIX_BUCKET,23608,23608,6.60153926667,0.1372099,0.000768966666667,0.887447698745,0.999839015966,True,106049332,0,96742369,0.522947100286,1.12919349373,7889.04,0,0,0.0716636166667,0,18003850.4
COMPUTE_BOUND-DISABLED,COMPUTE_BOUND,DISABLED,1,False,S4_SESSION_AFFINITY,23608,23608,6.59743263333,0.1377318,0.000765166666667,0.864016736402,0.999797963391,True,115161831,0,87629870,0.567882366153,1.01270755676,9430.96,0,0,0.0716636166667,0,18003690.56
COMPUTE_BOUND-DISABLED,COMPUTE_BOUND,DISABLED,1,False,S5_CENTRALIZED_MASTER_TTFT,23608,23608,6.63396613333,0.139013733333,0.0007716,0.903765690377,0.999837134303,True,115173917,0,87617784,0.567941964252,1.0016943409,7515.36,0,11914,0.0716636166667,0,18003448.4
COMPUTE_BOUND-DISABLED,COMPUTE_BOUND,DISABLED,1,False,S6_CALIBRATED_TTFT,23608,23608,6.6254002,0.138687933333,0.000769533333333,0.890794979079,0.999842512324,True,110918412,0,91873289,0.546957353053,1.00194849204,7537.44,0,11809,0.0716636166667,0,18003324.08
COMPUTE_BOUND-NORMAL,COMPUTE_BOUND,NORMAL,1,False,HYBRID,23608,23608,6.63767156667,0.1389392,0.0007712,0.901255230126,0.999846986555,True,103473960,11707470,87610271,0.567979012119,1.01084378177,7555.2,1.170747,11900,0.0716636166667,0,18003030.64
COMPUTE_BOUND-NORMAL,COMPUTE_BOUND,NORMAL,1,False,PRICED_SPILL,23608,23608,6.6357388,0.1389731,0.000771,0.9,0.999858863239,True,102773660,12948088,87069953,0.570643411093,1.0060149102,7545.36,1.2948088,11345,0.0716636166667,0,18003030.6401
COMPUTE_BOUND-NORMAL,COMPUTE_BOUND,NORMAL,1,False,S3_GB_PREFIX_BUCKET,23608,23608,6.60153926667,0.1372099,0.000768966666667,0.887447698745,0.999839015966,True,106049332,0,96742369,0.522947100286,1.12919349373,7889.04,0,0,0.0716636166667,0,18003850.4
COMPUTE_BOUND-NORMAL,COMPUTE_BOUND,NORMAL,1,False,S4_SESSION_AFFINITY,23608,23608,6.59743263333,0.1377318,0.000765166666667,0.864016736402,0.999797963391,True,115161831,0,87629870,0.567882366153,1.01270755676,9430.96,0,0,0.0716636166667,0,18003690.56
COMPUTE_BOUND-NORMAL,COMPUTE_BOUND,NORMAL,1,False,S5_CENTRALIZED_MASTER_TTFT,23608,23608,6.6378809,0.1390931,0.0007719,0.905648535565,0.999850879305,True,115168797,552951,87069953,0.570643411093,1.00160962386,7515.36,0.0552951,11915,0.0716636166667,0,18003448.4
COMPUTE_BOUND-NORMAL,COMPUTE_BOUND,NORMAL,1,False,S6_CALIBRATED_TTFT,23608,23608,6.6354411,0.138997966667,0.000771366666667,0.90230125523,0.999829289657,True,110942709,4779427,87069565,0.570645324386,1.01016604541,7529.6,0.4779427,11706,0.0716636166667,0,18003324.08
COMPUTE_BOUND-EXPENSIVE,COMPUTE_BOUND,EXPENSIVE,1,False,HYBRID,23608,23608,6.62493733333,0.138688666667,0.000769966666667,0.893514644351,0.999848261577,True,112242866,3151938,87396897,0.569031195216,1.0016943409,7523.04,315193.8,11952,0.0716636166667,0,18003030.64
COMPUTE_BOUND-EXPENSIVE,COMPUTE_BOUND,EXPENSIVE,1,False,PRICED_SPILL,23608,23608,6.61976113333,0.138687233333,0.0007697,0.891841004184,0.999829144021,True,112293342,3428406,87069953,0.570643411093,1.01618095561,7514.96,342840.6,11435,0.0716636166667,0,18003030.64
COMPUTE_BOUND-EXPENSIVE,COMPUTE_BOUND,EXPENSIVE,1,False,S3_GB_PREFIX_BUCKET,23608,23608,6.60153926667,0.1372099,0.000768966666667,0.887447698745,0.999839015966,True,106049332,0,96742369,0.522947100286,1.12919349373,7889.04,0,0,0.0716636166667,0,18003850.4
COMPUTE_BOUND-EXPENSIVE,COMPUTE_BOUND,EXPENSIVE,1,False,S4_SESSION_AFFINITY,23608,23608,6.59743263333,0.1377318,0.000765166666667,0.864016736402,0.999797963391,True,115161831,0,87629870,0.567882366153,1.01270755676,9430.96,0,0,0.0716636166667,0,18003690.56
COMPUTE_BOUND-EXPENSIVE,COMPUTE_BOUND,EXPENSIVE,1,False,S5_CENTRALIZED_MASTER_TTFT,23608,23608,6.63389076667,0.139016333333,0.000771566666667,0.903556485356,0.999834705061,True,115174429,547319,87069953,0.570643411093,1.00152490681,7515.36,54731.9,11910,0.0716636166667,0,18003448.4
COMPUTE_BOUND-EXPENSIVE,COMPUTE_BOUND,EXPENSIVE,1,False,S6_CALIBRATED_TTFT,23608,23608,6.62333133333,0.138630566667,0.000769333333333,0.889539748954,0.999842186718,True,110953819,4768317,87069565,0.570645324386,1.00076245341,7544.4,476831.7,11811,0.0716636166667,0,18003324.08
MEMORY_BOUND-DISABLED,MEMORY_BOUND,DISABLED,1,False,HYBRID,23608,23608,6.58886646667,0.1365916,0.000762,0.843514644351,0.999840371439,True,111817846,0,90973855,0.551392613448,1.00330396476,3768.48,0,12035,0.100329063333,0,18003831.92
MEMORY_BOUND-DISABLED,MEMORY_BOUND,DISABLED,1,False,PRICED_SPILL,23608,23608,6.570053,0.136293166667,0.000760466666667,0.833891213389,0.999801946909,True,111778367,0,91013334,0.551197935856,1.02126397831,3759.64,0,11435,0.100329063333,0,18003831.92
MEMORY_BOUND-DISABLED,MEMORY_BOUND,DISABLED,1,False,S3_GB_PREFIX_BUCKET,23608,23608,6.61599683333,0.136339966667,0.0007656,0.866108786611,0.999842485657,True,105995572,0,96796129,0.52268200068,1.12834632328,3932.52,0,0,0.100329063333,0,18003831.92
MEMORY_BOUND-DISABLED,MEMORY_BOUND,DISABLED,1,False,S4_SESSION_AFFINITY,23608,23608,6.57906603333,0.136042266667,0.000758733333333,0.823012552301,0.999840175011,True,115161319,0,87630382,0.567879841394,1.01270755676,4686.92,0,0,0.100329063333,0,18003849.84
MEMORY_BOUND-DISABLED,MEMORY_BOUND,DISABLED,1,False,S5_CENTRALIZED_MASTER_TTFT,23608,23608,6.59083916667,0.136677666667,0.000762233333333,0.844979079498,0.999852067381,True,115469897,0,87321804,0.569401491435,1.00881057269,3753.48,0,11878,0.100329063333,0,18003849.84
MEMORY_BOUND-DISABLED,MEMORY_BOUND,DISABLED,1,False,S6_CALIBRATED_TTFT,23608,23608,6.5797048,0.136560733333,0.000761066666667,0.837656903766,0.999842625843,True,110896286,0,91895415,0.546848246024,1.00330396476,3768.36,0,11803,0.100329063333,0,18003831.92
MEMORY_BOUND-NORMAL,MEMORY_BOUND,NORMAL,1,False,HYBRID,23608,23608,6.58262213333,0.1365997,0.000761633333333,0.841213389121,0.999807877114,True,103470888,11696206,87624607,0.567908318891,1.01101321586,3777.6,2.9240515,11896,0.100329063333,0,18003831.92
MEMORY_BOUND-NORMAL,MEMORY_BOUND,NORMAL,1,False,PRICED_SPILL,23608,23608,6.58026716667,0.1365802,0.0007615,0.840376569038,0.999814473719,True,102748572,12960376,87082753,0.570580292139,1.00635377838,3772.68,3.240094,11345,0.100329063333,0,18003831.92
MEMORY_BOUND-NORMAL,MEMORY_BOUND,NORMAL,1,False,S3_GB_PREFIX_BUCKET,23608,23608,6.61599683333,0.136339966667,0.0007656,0.866108786611,0.999842485657,True,105995572,0,96796129,0.52268200068,1.12834632328,3932.52,0,0,0.100329063333,0,18003831.92
MEMORY_BOUND-NORMAL,MEMORY_BOUND,NORMAL,1,False,S4_SESSION_AFFINITY,23608,23608,6.57906603333,0.136042266667,0.000758733333333,0.823012552301,0.999840175011,True,115161319,0,87630382,0.567879841394,1.01270755676,4686.92,0,0,0.100329063333,0,18003849.84
MEMORY_BOUND-NORMAL,MEMORY_BOUND,NORMAL,1,False,S5_CENTRALIZED_MASTER_TTFT,23608,23608,6.59125833333,0.1366947,0.0007623,0.84539748954,0.999852994739,True,115469897,239051,87082753,0.570580292139,1.00881057269,3753.48,0.05976275,11880,0.100329063333,0,18003849.84
MEMORY_BOUND-NORMAL,MEMORY_BOUND,NORMAL,1,False,S6_CALIBRATED_TTFT,23608,23608,6.583394,0.136336666667,0.000761466666667,0.840167364017,0.999809914653,True,110958380,4750568,87082753,0.570580292139,1.0026262284,3763.04,1.187642,11791,0.100329063333,0,18003831.92
MEMORY_BOUND-EXPENSIVE,MEMORY_BOUND,EXPENSIVE,1,False,HYBRID,23608,23608,6.57921373333,0.136363533333,0.0007618,0.842259414226,0.999841839686,True,114942460,607084,87242157,0.569794244193,1.00220264317,3759.6,151771,11958,0.100329063333,0,18003831.92
MEMORY_BOUND-EXPENSIVE,MEMORY_BOUND,EXPENSIVE,1,False,PRICED_SPILL,23608,23608,6.57165503333,0.1364357,0.000760933333333,0.836820083682,0.999769805641,True,114971884,737064,87082753,0.570580292139,1.02397492375,3766.16,184266,11379,0.100329063333,0,18003849.84
MEMORY_BOUND-EXPENSIVE,MEMORY_BOUND,EXPENSIVE,1,False,S3_GB_PREFIX_BUCKET,23608,23608,6.61599683333,0.136339966667,0.0007656,0.866108786611,0.999842485657,True,105995572,0,96796129,0.52268200068,1.12834632328,3932.52,0,0,0.100329063333,0,18003831.92
MEMORY_BOUND-EXPENSIVE,MEMORY_BOUND,EXPENSIVE,1,False,S4_SESSION_AFFINITY,23608,23608,6.57906603333,0.136042266667,0.000758733333333,0.823012552301,0.999840175011,True,115161319,0,87630382,0.567879841394,1.01270755676,4686.92,0,0,0.100329063333,0,18003849.84
MEMORY_BOUND-EXPENSIVE,MEMORY_BOUND,EXPENSIVE,1,False,S5_CENTRALIZED_MASTER_TTFT,23608,23608,6.59145436667,0.1366474,0.000762166666667,0.844560669456,0.999853035102,True,115470409,238539,87082753,0.570580292139,1.00889528973,3752.88,59634.75,11877,0.100329063333,0,18003849.84
MEMORY_BOUND-EXPENSIVE,MEMORY_BOUND,EXPENSIVE,1,False,S6_CALIBRATED_TTFT,23608,23608,6.5631367,0.135968166667,0.0007599,0.830334728033,0.99982863597,True,111054789,4654159,87082753,0.570580292139,1.00584547611,3772.6,1163539.75,11791,0.100329063333,0,18003831.92
MIXED-DISABLED,MIXED,DISABLED,1,False,HYBRID,23608,23608,6.71139023333,0.1402009,0.000776033333333,0.931589958159,0.9998637776,True,111830134,0,90961567,0.551453207644,1.00321924771,5351.2416,0,12036,0.0716636166667,0,18002833.8344
MIXED-DISABLED,MIXED,DISABLED,1,False,PRICED_SPILL,23608,23608,6.71097166667,0.140390466667,0.000776,0.931380753138,0.999844914707,True,111790655,0,91001046,0.551258530052,1.02134869536,5338.6888,0,11434,0.0716636166667,0,18002833.8344
MIXED-DISABLED,MIXED,DISABLED,1,False,S3_GB_PREFIX_BUCKET,23608,23608,6.69499256667,0.139493666667,0.000775533333333,0.928451882845,0.999851353157,True,106059060,0,96732641,0.522995070691,1.12783802101,5584.1784,0,0,0.0716636166667,0,18002881.104
MIXED-DISABLED,MIXED,DISABLED,1,False,S4_SESSION_AFFINITY,23608,23608,6.70502646667,0.139706366667,0.000773,0.912552301255,0.999834674241,True,115161319,0,87630382,0.567879841394,1.01270755676,6660.3112,0,0,0.0716636166667,0,18002780.4008
MIXED-DISABLED,MIXED,DISABLED,1,False,S5_CENTRALIZED_MASTER_TTFT,23608,23608,6.71986043333,0.1404099,0.0007769,0.937029288703,0.999833175423,True,115392485,0,87399216,0.569019759837,1.00652321247,5335.5648,0,11809,0.0716636166667,0,18002862.1776
MIXED-DISABLED,MIXED,DISABLED,1,False,S6_CALIBRATED_TTFT,23608,23608,6.70371513333,0.1401893,0.000775766666667,0.929916317992,0.999838478098,True,110907960,0,91883741,0.546905812482,1.00279566249,5351.0712,0,11799,0.0716636166667,0,18002753.4208
MIXED-NORMAL,MIXED,NORMAL,1,False,HYBRID,23608,23608,6.7168524,0.1403464,0.000776833333333,0.936610878661,0.999862550032,True,103483176,11696206,87612319,0.567968913087,1.0110979329,5364.192,1.7544309,11897,0.0716636166667,0,18002833.8344
MIXED-NORMAL,MIXED,NORMAL,1,False,PRICED_SPILL,23608,23608,6.71847503333,0.140367233333,0.000776833333333,0.936610878661,0.999864608404,True,102760860,12960376,87070465,0.570640886335,1.00643849543,5357.2056,1.9440564,11344,0.0716636166667,0,18002833.8345
MIXED-NORMAL,MIXED,NORMAL,1,False,S3_GB_PREFIX_BUCKET,23608,23608,6.69499256667,0.139493666667,0.000775533333333,0.928451882845,0.999851353157,True,106059060,0,96732641,0.522995070691,1.12783802101,5584.1784,0,0,0.0716636166667,0,18002881.104
MIXED-NORMAL,MIXED,NORMAL,1,False,S4_SESSION_AFFINITY,23608,23608,6.70502646667,0.139706366667,0.000773,0.912552301255,0.999834674241,True,115161319,0,87630382,0.567879841394,1.01270755676,6660.3112,0,0,0.0716636166667,0,18002780.4008
MIXED-NORMAL,MIXED,NORMAL,1,False,S5_CENTRALIZED_MASTER_TTFT,23608,23608,6.72311213333,0.1404391,0.000777,0.937656903766,0.999849000428,True,115392485,328751,87070465,0.570640886335,1.00652321247,5335.5648,0.04931265,11811,0.0716636166667,0,18002862.1776
MIXED-NORMAL,MIXED,NORMAL,1,False,S6_CALIBRATED_TTFT,23608,23608,6.707722,0.140302033333,0.000776866666667,0.936820083682,0.999813378712,True,110974274,4746962,87070465,0.570640886335,1.00245679431,5343.5168,0.7120443,11793,0.0716636166667,0,18002753.4208
MIXED-EXPENSIVE,MIXED,EXPENSIVE,1,False,HYBRID,23608,23608,6.71168313333,0.1403164,0.000776033333333,0.931589958159,0.999862260794,True,113953706,1562500,87275495,0.569629848906,1.00398170112,5321.9328,234375,11991,0.0716636166667,0,18002862.1776
MIXED-EXPENSIVE,MIXED,EXPENSIVE,1,False,PRICED_SPILL,23608,23608,6.7040835,0.140260066667,0.000775933333333,0.930962343096,0.999842905258,True,113894179,1827057,87070465,0.570640886335,1.01143680108,5340.336,274058.55,11457,0.0716636166667,0,18002833.8344
MIXED-EXPENSIVE,MIXED,EXPENSIVE,1,False,S3_GB_PREFIX_BUCKET,23608,23608,6.69499256667,0.139493666667,0.000775533333333,0.928451882845,0.999851353157,True,106059060,0,96732641,0.522995070691,1.12783802101,5584.1784,0,0,0.0716636166667,0,18002881.104
MIXED-EXPENSIVE,MIXED,EXPENSIVE,1,False,S4_SESSION_AFFINITY,23608,23608,6.70502646667,0.139706366667,0.000773,0.912552301255,0.999834674241,True,115161319,0,87630382,0.567879841394,1.01270755676,6660.3112,0,0,0.0716636166667,0,18002780.4008
MIXED-EXPENSIVE,MIXED,EXPENSIVE,1,False,S5_CENTRALIZED_MASTER_TTFT,23608,23608,6.7193113,0.140385133333,0.000776766666667,0.936192468619,0.999832371534,True,115392997,328239,87070465,0.570640886335,1.00652321247,5335.5648,49235.85,11811,0.0716636166667,0,18002862.1776
MIXED-EXPENSIVE,MIXED,EXPENSIVE,1,False,S6_CALIBRATED_TTFT,23608,23608,6.68498033333,0.139792166667,0.000774033333333,0.919037656904,0.999858733171,True,111002056,4719180,87070465,0.570640886335,1.00186377499,5343.5168,707877,11796,0.0716636166667,0,18002753.4208
COMPUTE_BOUND-DECODE_BINDING,COMPUTE_BOUND,NORMAL,1,True,HYBRID,23608,23608,2.4203575,0.046879,0.000275366666667,0.0822175732218,0.99680514286,False,103281967,11671842,87837892,0.566856574668,1.01067434768,7556.64,1.1671842,11898,0.573308933333,2384.4,18147467.4
COMPUTE_BOUND-DECODE_BINDING,COMPUTE_BOUND,NORMAL,1,True,PRICED_SPILL,23608,23608,2.41887346667,0.0467777333333,0.000275366666667,0.0822175732218,0.996844362664,False,102561513,12936095,87294093,0.569538139039,1.00423585225,7545.36,1.2936095,11338,0.573308933333,2278.4,18147467.4
COMPUTE_BOUND-DECODE_BINDING,COMPUTE_BOUND,NORMAL,1,True,S3_GB_PREFIX_BUCKET,23608,23608,2.44226553333,0.0466214,0.0002795,0.092050209205,0.997154618991,False,105778395,0,97013306,0.52161106435,1.12927821078,7889.04,0,0,0.573308933333,2311.4,18147467.4
COMPUTE_BOUND-DECODE_BINDING,COMPUTE_BOUND,NORMAL,1,True,S4_SESSION_AFFINITY,23608,23608,2.4193543,0.0466498,0.0002726,0.0792887029289,0.997773233884,False,114927078,0,87864623,0.566724759609,1.01270755676,9430.96,0,0,0.573308933333,2391.4,18147467.4
COMPUTE_BOUND-DECODE_BINDING,COMPUTE_BOUND,NORMAL,1,True,S5_CENTRALIZED_MASTER_TTFT,23608,23608,2.4268238,0.0468575,0.000276066666667,0.0817991631799,0.997350335448,False,114942074,555673,87293954,0.569538824471,1.00025415114,7509.44,0.0555673,11919,0.573308933333,2210.6,18147467.4
COMPUTE_BOUND-DECODE_BINDING,COMPUTE_BOUND,NORMAL,1,True,S6_CALIBRATED_TTFT,23608,23608,2.42724373333,0.0467403,0.000275833333333,0.08410041841,0.997805840461,False,110767594,4740146,87283961,0.569588101635,1.01270755676,7518.9601391,0.4740146,11698,0.573308933333,2369.4,18147467.4
MEMORY_BOUND-DECODE_BINDING,MEMORY_BOUND,NORMAL,1,True,HYBRID,23608,23608,0.0407152,0.0006998,3.66666666667e-06,0,0.66673553964,False,89706786,5262836,107822079,0.468311185969,1.0050830227,3823.24,1.315709,11838,0.802632506667,3700.99999989,24079245.4
MEMORY_BOUND-DECODE_BINDING,MEMORY_BOUND,NORMAL,1,True,PRICED_SPILL,23608,23608,0.0407152,0.0006998,3.66666666667e-06,0,0.66673553964,False,89168341,6069983,107553377,0.469636200744,1.02219586581,3808.8,1.51749575,11202,0.802632506667,3840.40000118,24079245.4
MEMORY_BOUND-DECODE_BINDING,MEMORY_BOUND,NORMAL,1,True,S3_GB_PREFIX_BUCKET,23608,23608,0.0403613,0.000698066666667,3.66666666667e-06,0,0.651567839394,False,90034580,0,112757121,0.443975663481,1.13486953575,3954.92,0,0,0.802632506667,3973.80000039,24079245.4
MEMORY_BOUND-DECODE_BINDING,MEMORY_BOUND,NORMAL,1,True,S4_SESSION_AFFINITY,23608,23608,0.0405611666667,0.000705833333333,3.56666666667e-06,0,0.684996644976,False,93995126,0,108796575,0.463505782221,1.01270755676,4723.28,0,0,0.802632506667,3931.60000073,24079245.4
MEMORY_BOUND-DECODE_BINDING,MEMORY_BOUND,NORMAL,1,True,S5_CENTRALIZED_MASTER_TTFT,23608,23608,0.040045,0.000684966666667,3.63333333333e-06,0,0.670252472191,False,95149076,104608,107538017,0.469711943488,1.00364283294,3813.08,0.026152,11801,0.802632506667,3656.60000027,24079245.4
MEMORY_BOUND-DECODE_BINDING,MEMORY_BOUND,NORMAL,1,True,S6_CALIBRATED_TTFT,23608,23608,0.0406841666667,0.000698866666667,3.63333333333e-06,0,0.666408429364,False,93238233,1995995,107557473,0.469616002679,1.01923076923,3797.64,0.49899875,11813,0.802632506667,4062.59999981,24079245.4
MIXED-DECODE_BINDING,MIXED,NORMAL,1,True,HYBRID,23608,23608,2.42574336667,0.0469840333333,0.000276066666667,0.0845188284519,0.9969630047,False,103294255,11658018,87839428,0.566849000394,1.01092849881,5365.2144,1.7487027,11895,0.573308933333,2290.644,18147452.784
MIXED-DECODE_BINDING,MIXED,NORMAL,1,True,PRICED_SPILL,23608,23608,2.42466433333,0.0468766,0.000276,0.0845188284519,0.996979901882,False,102549225,12948383,87294093,0.569538139039,1.00465943748,5357.2056,1.94225745,11337,0.573308933333,2240.208,18147452.784
MIXED-DECODE_BINDING,MIXED,NORMAL,1,True,S3_GB_PREFIX_BUCKET,23608,23608,2.45582876667,0.0468956333333,0.0002807,0.0937238493724,0.997193827447,False,105790683,0,97001018,0.521671658546,1.12792273805,5584.1784,0,0,0.573308933333,2283.652,18147452.784
MIXED-DECODE_BINDING,MIXED,NORMAL,1,True,S4_SESSION_AFFINITY,23608,23608,2.4380749,0.0469478333333,0.0002741,0.0845188284519,0.99799305185,False,114926566,0,87865135,0.566722234851,1.01270755676,6660.3112,0,0,0.573308933333,2369.7288,18147452.784
MIXED-DECODE_BINDING,MIXED,NORMAL,1,True,S5_CENTRALIZED_MASTER_TTFT,23608,23608,2.4283464,0.0469524,0.000276233333333,0.0845188284519,0.997025557292,False,115176382,321226,87294093,0.569538139039,1.00677736361,5331.7024,0.0481839,11806,0.573308933333,2112.784,18147452.784
MIXED-DECODE_BINDING,MIXED,NORMAL,1,True,S6_CALIBRATED_TTFT,23608,23608,2.4308317,0.0468313333333,0.000276633333333,0.0866108786611,0.997778148895,False,110789663,4718077,87283961,0.569588101635,1.01160623517,5336.9848,0.70771155,11757,0.573308933333,2335.8336,18147452.784
COMPUTE_BOUND-KVS_CONTENDED,COMPUTE_BOUND,NORMAL,3,False,HYBRID,23608,23608,6.63767156667,0.1389392,0.0007712,0.901255230126,0.999846986555,True,103473960,11707470,87610271,0.567979012119,1.01084378177,7555.2,3.512241,11900,0.0716636166667,0,18003030.64
COMPUTE_BOUND-KVS_CONTENDED,COMPUTE_BOUND,NORMAL,3,False,PRICED_SPILL,23608,23608,6.6357388,0.1389731,0.000771,0.9,0.999858863239,True,102773660,12948088,87069953,0.570643411093,1.0060149102,7545.36,3.8844264,11345,0.0716636166667,0,18003030.6402
COMPUTE_BOUND-KVS_CONTENDED,COMPUTE_BOUND,NORMAL,3,False,S3_GB_PREFIX_BUCKET,23608,23608,6.60153926667,0.1372099,0.000768966666667,0.887447698745,0.999839015966,True,106049332,0,96742369,0.522947100286,1.12919349373,7889.04,0,0,0.0716636166667,0,18003850.4
COMPUTE_BOUND-KVS_CONTENDED,COMPUTE_BOUND,NORMAL,3,False,S4_SESSION_AFFINITY,23608,23608,6.59743263333,0.1377318,0.000765166666667,0.864016736402,0.999797963391,True,115161831,0,87629870,0.567882366153,1.01270755676,9430.96,0,0,0.0716636166667,0,18003690.56
COMPUTE_BOUND-KVS_CONTENDED,COMPUTE_BOUND,NORMAL,3,False,S5_CENTRALIZED_MASTER_TTFT,23608,23608,6.6378809,0.1390931,0.0007719,0.905648535565,0.999850879305,True,115168797,552951,87069953,0.570643411093,1.00160962386,7515.36,0.1658853,11915,0.0716636166667,0,18003448.4
COMPUTE_BOUND-KVS_CONTENDED,COMPUTE_BOUND,NORMAL,3,False,S6_CALIBRATED_TTFT,23608,23608,6.6354411,0.138997966667,0.000771366666667,0.90230125523,0.999829289657,True,110942709,4779427,87069565,0.570645324386,1.01016604541,7529.6,1.4338281,11706,0.0716636166667,0,18003324.08
MEMORY_BOUND-KVS_CONTENDED,MEMORY_BOUND,NORMAL,3,False,HYBRID,23608,23608,6.58262213333,0.1365997,0.000761633333333,0.841213389121,0.999807877114,True,103470888,11696206,87624607,0.567908318891,1.01101321586,3777.6,8.7721545,11896,0.100329063333,0,18003831.92
MEMORY_BOUND-KVS_CONTENDED,MEMORY_BOUND,NORMAL,3,False,PRICED_SPILL,23608,23608,6.58026716667,0.1365802,0.0007615,0.840376569038,0.999814473719,True,102748572,12960376,87082753,0.570580292139,1.00635377838,3772.68,9.720282,11345,0.100329063333,0,18003831.92
MEMORY_BOUND-KVS_CONTENDED,MEMORY_BOUND,NORMAL,3,False,S3_GB_PREFIX_BUCKET,23608,23608,6.61599683333,0.136339966667,0.0007656,0.866108786611,0.999842485657,True,105995572,0,96796129,0.52268200068,1.12834632328,3932.52,0,0,0.100329063333,0,18003831.92
MEMORY_BOUND-KVS_CONTENDED,MEMORY_BOUND,NORMAL,3,False,S4_SESSION_AFFINITY,23608,23608,6.57906603333,0.136042266667,0.000758733333333,0.823012552301,0.999840175011,True,115161319,0,87630382,0.567879841394,1.01270755676,4686.92,0,0,0.100329063333,0,18003849.84
MEMORY_BOUND-KVS_CONTENDED,MEMORY_BOUND,NORMAL,3,False,S5_CENTRALIZED_MASTER_TTFT,23608,23608,6.59125833333,0.1366947,0.0007623,0.84539748954,0.999852994739,True,115469897,239051,87082753,0.570580292139,1.00881057269,3753.48,0.17928825,11880,0.100329063333,0,18003849.84
MEMORY_BOUND-KVS_CONTENDED,MEMORY_BOUND,NORMAL,3,False,S6_CALIBRATED_TTFT,23608,23608,6.583394,0.136336666667,0.000761466666667,0.840167364017,0.999809914653,True,110958380,4750568,87082753,0.570580292139,1.0026262284,3763.04,3.562926,11791,0.100329063333,0,18003831.92
MIXED-KVS_CONTENDED,MIXED,NORMAL,3,False,HYBRID,23608,23608,6.7168524,0.1403464,0.000776833333333,0.936610878661,0.999862550032,True,103483176,11696206,87612319,0.567968913087,1.0110979329,5364.192,5.2632927,11897,0.0716636166667,0,18002833.8344
MIXED-KVS_CONTENDED,MIXED,NORMAL,3,False,PRICED_SPILL,23608,23608,6.71847503333,0.140367233333,0.000776833333333,0.936610878661,0.999864608404,True,102760860,12960376,87070465,0.570640886335,1.00643849543,5357.2056,5.8321692,11344,0.0716636166667,0,18002833.8346
MIXED-KVS_CONTENDED,MIXED,NORMAL,3,False,S3_GB_PREFIX_BUCKET,23608,23608,6.69499256667,0.139493666667,0.000775533333333,0.928451882845,0.999851353157,True,106059060,0,96732641,0.522995070691,1.12783802101,5584.1784,0,0,0.0716636166667,0,18002881.104
MIXED-KVS_CONTENDED,MIXED,NORMAL,3,False,S4_SESSION_AFFINITY,23608,23608,6.70502646667,0.139706366667,0.000773,0.912552301255,0.999834674241,True,115161319,0,87630382,0.567879841394,1.01270755676,6660.3112,0,0,0.0716636166667,0,18002780.4008
MIXED-KVS_CONTENDED,MIXED,NORMAL,3,False,S5_CENTRALIZED_MASTER_TTFT,23608,23608,6.72311213333,0.1404391,0.000777,0.937656903766,0.999849000428,True,115392485,328751,87070465,0.570640886335,1.00652321247,5335.5648,0.14793795,11811,0.0716636166667,0,18002862.1776
MIXED-KVS_CONTENDED,MIXED,NORMAL,3,False,S6_CALIBRATED_TTFT,23608,23608,6.707722,0.140302033333,0.000776866666667,0.936820083682,0.999813378712,True,110974274,4746962,87070465,0.570640886335,1.00245679431,5343.5168,2.1361329,11793,0.0716636166667,0,18002753.4208
