arrival_scale,cache_capacity_entries,capacity_binding,cell_id,census_age_work,d_utilization,decision_fingerprint,hit_ceiling,kvs_work,load_skew,p_to_d_debt,p_utilization,regime,strategy,token_hit_rate,visibility_delay_work,waste_fraction
0.8,183166,False,COMPUTE_BOUND-0.8x-BASELINE,,0.07166361666666667,b64978c332f32e8a326fa014a01fe4e7125f20c46ae44c9b332ae9346cb9fc75,1.0,1.1702862,1.0098271772280583,0.0,0.11681506000000001,COMPUTE_BOUND,BASELINE,0.5679739626031344,0.0,0.0
0.8,183166,False,COMPUTE_BOUND-0.8x-PRICED_SPILL,,0.07166361666666667,4c88148db45f4013365c95a337cdd766a4d3f15836ba94de06b35a09b0fc005f,1.0,1.2908152,1.0051677397492376,0.0,0.11609327066666666,COMPUTE_BOUND,PRICED_SPILL,0.5706434110930407,0.0,0.0
0.8,183166,False,COMPUTE_BOUND-0.8x-DECODE_CAUSAL,,0.07166361666666667,2e1b225ab2ffba1af359516b9417396006d3b0245be6631e39c176ffb00fc0dc,1.0,1.2904567999999998,1.0048288715689597,0,0.11609327066666666,COMPUTE_BOUND,DECODE_CAUSAL,0.5706434110930407,0.0,0.0
1.0,183166,False,COMPUTE_BOUND-1.0x-BASELINE,,0.07166361666666667,26be1ad42cf92e9f886f750a5585e6716917ec05d8aedae9a9b4ac381592a555,1.0,1.170747,1.010843781768892,0.0,0.11681369466666666,COMPUTE_BOUND,BASELINE,0.5679790121194358,0.0,0.0
1.0,183166,False,COMPUTE_BOUND-1.0x-PRICED_SPILL,,0.07166361666666667,985332faf32dc4b0a743d22c3a1faa1aa8d8b662e9c504cfa83680fb24412a8d,1.0,1.2948088,1.0060149101999323,0.0,0.11609327066666666,COMPUTE_BOUND,PRICED_SPILL,0.5706434110930407,0.0,0.0
1.0,183166,False,COMPUTE_BOUND-1.0x-DECODE_CAUSAL,,0.07166361666666667,11ba48f8bae936ccd2892cb7b97102c152c353f73e4c347d1c7f4eb446e561e3,1.0,1.2944504,1.0056760420196544,0,0.11609327066666666,COMPUTE_BOUND,DECODE_CAUSAL,0.5706434110930407,0.0,0.0
1.2,183166,False,COMPUTE_BOUND-1.2x-BASELINE,,0.07166361666666667,bc4732f3aa9fe7890d6978d5b855e6696bae3476b26c618c04fcaed8c7ed8bd3,1.0,1.1666337,1.0121992544900034,0.0,0.11681842666666667,COMPUTE_BOUND,BASELINE,0.5679615114032699,0.0,0.0
1.2,183166,False,COMPUTE_BOUND-1.2x-PRICED_SPILL,,0.07166361666666667,02275208e2287b44e234f7e3b2560421a4e764c69e7da150a205da742e77a9c8,1.0,1.2975397,1.005252456794307,0.0,0.11609327066666666,COMPUTE_BOUND,PRICED_SPILL,0.5706434110930407,0.0,0.0
1.2,183166,False,COMPUTE_BOUND-1.2x-DECODE_CAUSAL,,0.07166361666666667,c1e537e608af3c7c608e4822e532e4ff2ff3bbeb45b3330ae248692b4501bdb4,1.0,1.2971812999999999,1.0049135886140292,0,0.11609327066666666,COMPUTE_BOUND,DECODE_CAUSAL,0.5706434110930407,0.0,0.0
1.5,183166,False,COMPUTE_BOUND-1.5x-BASELINE,,0.07166361666666667,4f54bf86e63f57910c2bf0f13a3c09566b7b03414248599f3799214c2f26d1c0,1.0,1.1497412999999999,1.0059301931548628,0.0,0.11681076933333334,COMPUTE_BOUND,BASELINE,0.5679898311026051,0.0,0.0
1.5,183166,False,COMPUTE_BOUND-1.5x-PRICED_SPILL,,0.07166361666666667,df0f837e02c06971d52191bc1a8cc91f98fe0b5f158885dd9dec3fcb15f8c38a,1.0,1.284231,1.0018637749915282,0.0,0.11609327066666666,COMPUTE_BOUND,PRICED_SPILL,0.5706434110930407,0.0,0.0
1.5,183166,False,COMPUTE_BOUND-1.5x-DECODE_CAUSAL,,0.07166361666666667,b868f9dd9dc147e754fcbac300e3f784abd055528c04925a53f0a05649a3471c,1.0,1.2857669999999999,1.0015249068112504,0,0.11609327066666666,COMPUTE_BOUND,DECODE_CAUSAL,0.5706434110930407,0.0,0.0
2.0,183166,False,COMPUTE_BOUND-2.0x-BASELINE,,0.07166361666666667,b3770a6ead3ee781a8ce99d2ae43d99d92572748fc05fc696e2bda72034e5cee,1.0,1.1708829,1.0083022704168079,0.0,0.11681118133333333,COMPUTE_BOUND,BASELINE,0.5679883073716118,0.0,0.0
2.0,183166,False,COMPUTE_BOUND-2.0x-PRICED_SPILL,,0.07166361666666667,dc324e82a9a607c498663b52e7eae6e8fa90418db878945cbffcda452af40e54,1.0,1.3140352,1.0005930193154862,0.0,0.11609327066666666,COMPUTE_BOUND,PRICED_SPILL,0.5706434110930407,0.0,0.0
2.0,183166,False,COMPUTE_BOUND-2.0x-DECODE_CAUSAL,,0.07166361666666667,ecc87fd01bd5571a70f6cd9309af5e837b1fd6193ee1e8a9b146099bc2752c4d,1.0,1.312192,1.0008471704506947,0,0.11609327066666666,COMPUTE_BOUND,DECODE_CAUSAL,0.5706434110930407,0.0,0.0
0.8,183166,False,MEMORY_BOUND-0.8x-BASELINE,,0.10032906333333333,75d7396268730d7ca8670426e42bf5352b3f899cd6c3f4a01a4373ad6847857c,1.0,2.9240515,1.0110132158590308,0.0,0.05841640466666667,MEMORY_BOUND,BASELINE,0.5679083188912154,0.0,0.0
0.8,183166,False,MEMORY_BOUND-0.8x-PRICED_SPILL,,0.10032906333333333,14dae1b675582ef5b7fd4195d620ab8fe5088430c958039b5152df87d0b6541b,1.0,3.240094,1.0063537783802101,0.0,0.05805516866666667,MEMORY_BOUND,PRICED_SPILL,0.5705802921392725,0.0,0.0
0.8,183166,False,MEMORY_BOUND-0.8x-DECODE_CAUSAL,,0.10032906333333333,cc2c3e4c5f517cbe5277b34318bfb0701c452bc3d28d304ad866ead330bddfa3,1.0,3.239198,1.0060149101999323,0,0.05805516866666667,MEMORY_BOUND,DECODE_CAUSAL,0.5705802921392725,0.0,0.0
1.0,183166,False,MEMORY_BOUND-1.0x-BASELINE,,0.10032906333333333,12106ee7b07fd2d54fb41db1ec1fa25fc979d8f52b1b6691197b9c8ca2d599d4,1.0,2.9240515,1.0110132158590308,0.0,0.05841640466666667,MEMORY_BOUND,BASELINE,0.5679083188912154,0.0,0.0
1.0,183166,False,MEMORY_BOUND-1.0x-PRICED_SPILL,,0.10032906333333333,8309af3e42f8d2561d27ad68fca5c3d786af5ebf43cf21865432e464aae502ab,1.0,3.240094,1.0063537783802101,0.0,0.05805516866666667,MEMORY_BOUND,PRICED_SPILL,0.5705802921392725,0.0,0.0
1.0,183166,False,MEMORY_BOUND-1.0x-DECODE_CAUSAL,,0.10032906333333333,808131cbe27f811604b801df54d8babd30f4f69ca6b7f9a399f12327068991a5,1.0,3.239198,1.0060149101999323,0,0.05805516866666667,MEMORY_BOUND,DECODE_CAUSAL,0.5705802921392725,0.0,0.0
1.2,183166,False,MEMORY_BOUND-1.2x-BASELINE,,0.10032906333333333,a6b4cce25f9dec307dda4084c02271de7c5f8fcc7c325dfd495bf077c6c6023b,1.0,2.9240515,1.0110132158590308,0.0,0.05841640466666667,MEMORY_BOUND,BASELINE,0.5679083188912154,0.0,0.0
1.2,183166,False,MEMORY_BOUND-1.2x-PRICED_SPILL,,0.10032906333333333,e0c0714f645c4a7021bb794341f53d5eb5334da52fdc93982cb057b16bfc4a84,1.0,3.240094,1.0063537783802101,0.0,0.05805516866666667,MEMORY_BOUND,PRICED_SPILL,0.5705802921392725,0.0,0.0
1.2,183166,False,MEMORY_BOUND-1.2x-DECODE_CAUSAL,,0.10032906333333333,2f46754feac2044e21e634fbdd67a5aa9380b1fc6a8399c34e92a6c7dffeb305,1.0,3.239198,1.0060149101999323,0,0.05805516866666667,MEMORY_BOUND,DECODE_CAUSAL,0.5705802921392725,0.0,0.0
1.5,183166,False,MEMORY_BOUND-1.5x-BASELINE,,0.10032906333333333,e96ab56bd0d85bd9e382b8a74eaa7c2be0349fa13fc86482fb1963707db827af,1.0,2.9240515,1.0110132158590308,0.0,0.05841640466666667,MEMORY_BOUND,BASELINE,0.5679083188912154,0.0,0.0
1.5,183166,False,MEMORY_BOUND-1.5x-PRICED_SPILL,,0.10032906333333333,9a47a2f87e2bf6382df9b47f6302a9d6e388612867c3ec42c6e47551a872b94c,1.0,3.240094,1.0063537783802101,0.0,0.05805516866666667,MEMORY_BOUND,PRICED_SPILL,0.5705802921392725,0.0,0.0
1.5,183166,False,MEMORY_BOUND-1.5x-DECODE_CAUSAL,,0.10032906333333333,657e18c1f8bd7599320a811961141b8b54a0aca8c3cb3e54d221b4c3eee51b5b,1.0,3.239198,1.0060149101999323,0,0.05805516866666667,MEMORY_BOUND,DECODE_CAUSAL,0.5705802921392725,0.0,0.0
2.0,183166,False,MEMORY_BOUND-2.0x-BASELINE,,0.10032906333333333,c88175af87b9ea47c3361e5ededa36cff692dc97437012dfcec687e70ec9cdb2,1.0,2.9275075,1.010843781768892,0.0,0.05841538066666666,MEMORY_BOUND,BASELINE,0.5679158931656676,0.0,0.0
2.0,183166,False,MEMORY_BOUND-2.0x-PRICED_SPILL,,0.10032906333333333,55b691b336f699bdd0cc55d30ef1d9118337255718d435027c0d6e9a9833af5a,1.0,3.237022,1.0060149101999323,0.0,0.05805516866666667,MEMORY_BOUND,PRICED_SPILL,0.5705802921392725,0.0,0.0
2.0,183166,False,MEMORY_BOUND-2.0x-DECODE_CAUSAL,,0.10032906333333333,6f3efa82c687650c51941c89af049f1cec13f1f83dc8e37f691a247266a433fb,1.0,3.237406,1.0058454761097932,0,0.05805516866666667,MEMORY_BOUND,DECODE_CAUSAL,0.5705802921392725,0.0,0.0
0.8,183166,False,MIXED-0.8x-BASELINE,,0.07166361666666667,9eb9aa3c6bfd5d26888ca84575b78694de9f2e5d72e62c48c07cb755bc02d9b4,1.0,1.7544309,1.0110979329041003,0.0,0.08293966198666666,MIXED,BASELINE,0.5679689130868328,0.0,0.0
0.8,183166,False,MIXED-0.8x-PRICED_SPILL,,0.07166361666666667,744a999d73162cfcc770e494cd01b76c9a31e38a4d45a50ba6becf06bd530112,1.0,1.9440564,1.0064384954252796,0.0,0.08242670686666667,MIXED,PRICED_SPILL,0.57064088633489,0.0,0.0
0.8,183166,False,MIXED-0.8x-DECODE_CAUSAL,,0.07166361666666667,9ec37a435b903021dfbb30eff6700e6cfe31d17ce3f2d7a73f2af0642338381d,1.0,1.9435187999999999,1.0060996272450018,0,0.08242670686666667,MIXED,DECODE_CAUSAL,0.57064088633489,0.0,0.0
1.0,183166,False,MIXED-1.0x-BASELINE,,0.07166361666666667,00af74740dd608a29f4e427b818bf8b2dff7b0d131596969d0acf453ca6a1a29,1.0,1.7544309,1.0110979329041003,0.0,0.08293966198666666,MIXED,BASELINE,0.5679689130868328,0.0,0.0
1.0,183166,False,MIXED-1.0x-PRICED_SPILL,,0.07166361666666667,c5229703223da5735e7690b661514f6de6df6fa26b8dc189ef358250efcbee0e,1.0,1.9440564,1.0064384954252796,0.0,0.08242670686666667,MIXED,PRICED_SPILL,0.57064088633489,0.0,0.0
1.0,183166,False,MIXED-1.0x-DECODE_CAUSAL,,0.07166361666666667,4cd26f99156f30753ff36555d1b18a8b82c231a68b6a3f0f520fc7cf03030f24,1.0,1.9435187999999999,1.0060996272450018,0,0.08242670686666667,MIXED,DECODE_CAUSAL,0.57064088633489,0.0,0.0
1.2,183166,False,MIXED-1.2x-BASELINE,,0.07166361666666667,b76aff13ef56350dcb9807e312d9fe30891661021629c336ebc9fa0b901c68a0,1.0,1.7545845,1.010843781768892,0.0,0.08293820790666667,MIXED,BASELINE,0.567976487361285,0.0,0.0
1.2,183166,False,MIXED-1.2x-PRICED_SPILL,,0.07166361666666667,14c016f4d8fb4896b8d9f75a4957abd4de638e0be2c84c98ad05e9c7b909d850,1.0,1.9440564,1.006184344290071,0.0,0.08242670686666667,MIXED,PRICED_SPILL,0.57064088633489,0.0,0.0
1.2,183166,False,MIXED-1.2x-DECODE_CAUSAL,,0.07166361666666667,03b2eb56d48b7f254abdd559667482c47fc5b187c2c2ca6d7cb94273fcd1ebaa,1.0,1.9435187999999999,1.0058454761097932,0,0.08242670686666667,MIXED,DECODE_CAUSAL,0.57064088633489,0.0,0.0
1.5,183166,False,MIXED-1.5x-BASELINE,,0.07166361666666667,a4c7c6c0e9b571513dac76d444d109210f0dd8dbfd84cc17e042dc4f90e712a3,1.0,1.7551989,1.010166045408336,0.0,0.08293723852000001,MIXED,BASELINE,0.5679815368775866,0.0,0.0
1.5,183166,False,MIXED-1.5x-PRICED_SPILL,,0.07166361666666667,b1cf987edbbd22625cd059d9f3f0fde8a1f7a0b72bb9835145c7d14fdac1f0ae,1.0,1.9414452,1.0058454761097932,0.0,0.08242670686666667,MIXED,PRICED_SPILL,0.57064088633489,0.0,0.0
1.5,183166,False,MIXED-1.5x-DECODE_CAUSAL,,0.07403628333333333,16420419c6b8b1cc837f9786b2c00dc66acc1d3dbb552c80031581cf109a034d,1.0,1.6938431999999999,1.2319552694002034,0,0.08242634429333334,MIXED,DECODE_CAUSAL,0.7610743315083147,0.0,0.015164430654507823
2.0,183166,False,MIXED-2.0x-BASELINE,,0.07166361666666667,bb181ab41982b126cfb3a75619a7031349b8e7185d4a8a0ddfadc4da75d38b78,1.0,1.7214196499999999,1.0102507624534056,0.0,0.08293865946666666,MIXED,BASELINE,0.5679741351940235,0.0,0.0
2.0,183166,False,MIXED-2.0x-PRICED_SPILL,,0.07166361666666667,bca50c422bb731774a14e913f33799ae6842891d55c85ad9cb857939c9c1ee75,1.0,1.8952574999999998,1.005252456794307,0.0,0.08242670686666667,MIXED,PRICED_SPILL,0.57064088633489,0.0,0.0
2.0,183166,False,MIXED-2.0x-DECODE_CAUSAL,,0.07166361666666667,ba0b8f10af2103c0e089710afaf8f52750d70e2c653572c542ac29699697476d,1.0,1.8975615,1.0049135886140292,0,0.08242670686666667,MIXED,DECODE_CAUSAL,0.57064088633489,0.0,0.0
