result_schema_version,case_id,selector_id,eviction_id,node_count,capacity_mode,capacity_blocks,replay_mode,visibility,view_mode,view_delay_ms,view_loss_probability,replay_speed,seed,prefill_uncached_token_ms,prefill_concurrency_per_node,prefix_anchor_k,soft_alpha,minimum_shared_blocks,family_size_cap,hot_block_percentile,cache_discount,similar_band_ratio,completed_requests,block_ref_hit_rate,token_weighted_hit_rate,logical_block_ref_hit_rate,logical_token_weighted_hit_rate,request_load_max_mean,input_token_load_max_mean,uncached_token_load_max_mean,request_load_cv,request_load_gini,queue_wait_normalized_ms_p50,queue_wait_normalized_ms_p95,queue_wait_normalized_ms_p99,queue_wait_normalized_ms_max,offered_load_ratio,eviction_count,rejected_placements,unique_resident_blocks,replica_factor,fallback_count,no_stat_fallback_count,inflight_wait_tokens,inflight_wait_ms,stranded_block_references,eviction_regret,one_hit_pollution,affinity_kept,affinity_broken,trace_sha256,config_sha256,git_sha,git_dirty
phase-a-result-v3,A1-S0_RANDOM,S0_RANDOM,E1_LRU,4,FIXED_TOTAL,50000,QUEUED,INSERT_AT_COMPLETION,DELAYED,100,0,1,713,0.0568,1,2,1.25,2,128,99,0.7,0.1,23608,0.428714859437751,0.4429690443791879,0.428714859437751,0.4429690443791879,1.013046424940698,1.017324155686233,1.0210677634557088,0.01238260683876209,0.006735005083022605,343.7072000000626,4096.9510000000055,7079.822368000008,18605.578400000057,0.44556939472222223,183859,0,40751,1.2269637554906627,0,0,0,0.0,37,216,178919,0,0,b434f1816a707f4bac697235588184ebc374c9907cb981bb65fb0643471fe711,8147eb6ee8cfa04b83f329226cde13253cf7a8111ad3bdfb71ace411893bb3c0,9a62361fd8a0c42bd9e34db934b185e4f2dda2cd,False
phase-a-result-v3,A1-S1_ROUND_ROBIN,S1_ROUND_ROBIN,E1_LRU,4,FIXED_TOTAL,50000,QUEUED,INSERT_AT_COMPLETION,DELAYED,100,0,1,713,0.0568,1,2,1.25,2,128,99,0.7,0.1,23608,0.4282238442822384,0.4424636292192253,0.4282238442822384,0.4424636292192253,1.0,1.0371228554367715,1.0431425549138655,0.0,0.0,266.2784000000902,3875.5889600001615,7029.76980000002,13855.167199999967,0.44597367661111115,184060,0,40662,1.229649304018494,0,0,0,0.0,40,212,179401,0,0,b434f1816a707f4bac697235588184ebc374c9907cb981bb65fb0643471fe711,4fd5ad6de76854251a7f8d8e9841c05a54491ca1b1823738946543ce528064f1,9a62361fd8a0c42bd9e34db934b185e4f2dda2cd,False
phase-a-result-v3,A1-S2_LEAST_WORK,S2_LEAST_WORK,E1_LRU,4,FIXED_TOTAL,50000,QUEUED,INSERT_AT_COMPLETION,DELAYED,100,0,1,713,0.0568,1,2,1.25,2,128,99,0.7,0.1,23608,0.4225881628704599,0.4366548905273002,0.4225881628704599,0.4366548905273002,1.0120298203998646,1.0288363033159824,1.0370524468588806,0.014397411943199379,0.007222128092172042,2008.4479999996256,8060.675440000206,12003.830272000001,21747.754400000034,0.4506200901666667,186367,0,40539,1.233380201781001,0,0,0,0.0,0,220,181600,0,0,b434f1816a707f4bac697235588184ebc374c9907cb981bb65fb0643471fe711,c62a48defe855e7195a293df4dfb4eeb131818dadb68ce7a18e78c7a462f82f3,9a62361fd8a0c42bd9e34db934b185e4f2dda2cd,False
phase-a-result-v3,A1-S3_GB_PREFIX_BUCKET,S3_GB_PREFIX_BUCKET,E1_LRU,4,FIXED_TOTAL,50000,QUEUED,INSERT_AT_COMPLETION,DELAYED,100,0,1,713,0.0568,1,2,1.25,2,128,99,0.7,0.1,23608,0.5228554119153012,0.5400859475999957,0.5228554119153012,0.5400859475999957,1.8217553371738393,1.6831741847266226,1.1175403951287979,0.504329484930929,0.26387241613012535,249.749599999981,3103.4838400000053,6391.827824000935,18149.701600000262,0.3678855257222223,145322,0,47838,1.0451941970818177,2457,0,0,0.0,0,57,136321,21151,2457,b434f1816a707f4bac697235588184ebc374c9907cb981bb65fb0643471fe711,3cd6d1ef61d478d731e3dc0d991dfe9b3ab53aa0b70ae6f7e5772dbd9b4b8547,9a62361fd8a0c42bd9e34db934b185e4f2dda2cd,False
phase-a-result-v3,A1-S4_SESSION_AFFINITY,S4_SESSION_AFFINITY,E1_LRU,4,FIXED_TOTAL,50000,QUEUED,INSERT_AT_COMPLETION,DELAYED,100,0,1,713,0.0568,1,2,1.25,2,128,99,0.7,0.1,23608,0.5163549575430676,0.5333664418545412,0.5163549575430676,0.5333664418545412,1.047272111148763,1.0199785838376099,1.029017013980632,0.03082629654598362,0.016858691968824058,194.82400000002235,3011.4564799999816,6198.4794879999545,16541.523199999996,0.3732604623888889,147983,0,46517,1.0748758518391126,2300,0,0,0.0,0,65,137419,21308,2300,b434f1816a707f4bac697235588184ebc374c9907cb981bb65fb0643471fe711,35b7d94dfda232e094d36c5b89780bf3bbc207f80aed308323455ac6effdca69,9a62361fd8a0c42bd9e34db934b185e4f2dda2cd,False
phase-a-result-v3,A1-S5_CENTRALIZED_MASTER_TTFT,S5_CENTRALIZED_MASTER_TTFT,E1_LRU,4,FIXED_TOTAL,50000,QUEUED,INSERT_AT_COMPLETION,DELAYED,100,0,1,713,0.0568,1,2,1.25,2,128,99,0.7,0.1,23608,0.5064442685584186,0.523164845882919,0.5064442685584186,0.523164845882919,1.6463910538800406,1.563008399441356,1.5742644755416988,0.48833741335088565,0.2727888851236868,1296.573599999887,6589.078320000111,10504.668679999973,21747.754400000034,0.38142072511111114,152040,0,47135,1.0607828577490188,0,0,0,0.0,0,119,143087,0,0,b434f1816a707f4bac697235588184ebc374c9907cb981bb65fb0643471fe711,ad7f00244c0f5822019fb7a4e28581a7efa3d1816060e39de5f29a13aa46ddf3,9a62361fd8a0c42bd9e34db934b185e4f2dda2cd,False
phase-a-result-v3,A1-S6_CALIBRATED_TTFT,S6_CALIBRATED_TTFT,E1_LRU,4,FIXED_TOTAL,50000,QUEUED,INSERT_AT_COMPLETION,DELAYED,100,0,1,713,0.0568,1,2,1.25,2,128,99,0.7,0.1,23608,0.5166676438112547,0.5336958636191922,0.5166676438112547,0.5336958636191922,1.2687224669603525,1.258374907560936,1.3109960195789436,0.18438823958578424,0.10206286004744158,1202.8820000000414,6392.8172800000175,10181.989583999992,21747.754400000034,0.37299695772222224,147855,0,47095,1.0616838305552607,0,0,0,0.0,0,52,137885,0,0,b434f1816a707f4bac697235588184ebc374c9907cb981bb65fb0643471fe711,8bd925b4523d59a9f4989dfd60264fe4f06ab7422ff00c49f559fc06022d96cb,9a62361fd8a0c42bd9e34db934b185e4f2dda2cd,False
phase-a-result-v3,K-S3-k1,S3_GB_PREFIX_BUCKET,E1_LRU,4,FIXED_TOTAL,50000,QUEUED,INSERT_AT_COMPLETION,DELAYED,100,0,1,713,0.0568,1,1,1.25,2,128,99,0.7,0.1,23608,0.43733571756612827,0.45183446634238744,0.43733571756612827,0.45183446634238744,1.6655371060657405,1.8595576946218326,1.8786389814325704,0.5584832521322223,0.291553710606574,1692.1571999999433,7746.503280000796,11453.248559999613,21565.53999999998,0.43847793838888893,190928,0,34371,1.1463733961770097,11031,0,0,0.0,49,458,185294,12577,11031,b434f1816a707f4bac697235588184ebc374c9907cb981bb65fb0643471fe711,a475d53fc19b2fbe5db6b0700d7f346f3df5ca7d57884bc29cb7aec01b713217,9a62361fd8a0c42bd9e34db934b185e4f2dda2cd,False
phase-a-result-v3,K-S3-k2,S3_GB_PREFIX_BUCKET,E1_LRU,4,FIXED_TOTAL,50000,QUEUED,INSERT_AT_COMPLETION,DELAYED,100,0,1,713,0.0568,1,2,1.25,2,128,99,0.7,0.1,23608,0.5228554119153012,0.5400859475999957,0.5228554119153012,0.5400859475999957,1.8217553371738393,1.6831741847266226,1.1175403951287979,0.504329484930929,0.26387241613012535,249.749599999981,3103.4838400000053,6391.827824000935,18149.701600000262,0.3678855257222223,145322,0,47838,1.0451941970818177,2457,0,0,0.0,0,57,136321,21151,2457,b434f1816a707f4bac697235588184ebc374c9907cb981bb65fb0643471fe711,a7a8ab0322552bde58b57ed18dc54dfe461aa59a4fd1be9bb4b981d5c78a684e,9a62361fd8a0c42bd9e34db934b185e4f2dda2cd,False
phase-a-result-v3,K-S3-k4,S3_GB_PREFIX_BUCKET,E1_LRU,4,FIXED_TOTAL,50000,QUEUED,INSERT_AT_COMPLETION,DELAYED,100,0,1,713,0.0568,1,4,1.25,2,128,99,0.7,0.1,23608,0.5189908050694261,0.536101972930342,0.5189908050694261,0.536101972930342,1.8339545916638427,1.7724003804277968,1.190903268648192,0.546787921332686,0.2949847509318875,266.1932000001834,3214.331879999796,6410.598519999637,12730.924799999993,0.37107230944444447,146904,0,47748,1.0471642791321103,2673,0,0,0.0,0,75,138292,20935,2673,b434f1816a707f4bac697235588184ebc374c9907cb981bb65fb0643471fe711,013c1386400a993fa5dbfe805d12e2ddf860bc50f15d4fb92beacdae0625038d,9a62361fd8a0c42bd9e34db934b185e4f2dda2cd,False
phase-a-result-v3,K-S3-k8,S3_GB_PREFIX_BUCKET,E1_LRU,4,FIXED_TOTAL,50000,QUEUED,INSERT_AT_COMPLETION,DELAYED,100,0,1,713,0.0568,1,8,1.25,2,128,99,0.7,0.1,23608,0.5157857708205084,0.5327874585952608,0.5157857708205084,0.5327874585952608,1.9839037614368011,1.771277928183067,1.175571285100358,0.5728408351712034,0.2720899695018637,277.29759999981616,3226.7455200002614,5886.649760000039,12557.627999999997,0.3737235914444445,148216,0,46724,1.0701138601147162,2577,0,0,0.0,8,81,139048,21031,2577,b434f1816a707f4bac697235588184ebc374c9907cb981bb65fb0643471fe711,03733ec27f22234a4ef43375da0f2b076da1eacd6697f4f69b01334c662014b7,9a62361fd8a0c42bd9e34db934b185e4f2dda2cd,False
phase-a-result-v3,K-S3-k12,S3_GB_PREFIX_BUCKET,E1_LRU,4,FIXED_TOTAL,50000,QUEUED,INSERT_AT_COMPLETION,DELAYED,100,0,1,713,0.0568,1,12,1.25,2,128,99,0.7,0.1,23608,0.5142418823713345,0.531176840417153,0.5142418823713345,0.531176840417153,2.0064384954252796,1.784070108470563,1.13314033026635,0.5838337962366469,0.2706497797356828,280.4783999999054,2936.6395199999906,6101.407152000118,16591.677599999995,0.37501192588888893,148848,0,46405,1.0774701002047193,2349,0,0,0.0,107,85,139772,21259,2349,b434f1816a707f4bac697235588184ebc374c9907cb981bb65fb0643471fe711,ce6ba20a48f3abce04a1f12ddf2aeaefb11aa73bc22cf304eb470e6ea0d026ad,9a62361fd8a0c42bd9e34db934b185e4f2dda2cd,False
phase-a-result-v3,K-S3-k16,S3_GB_PREFIX_BUCKET,E1_LRU,4,FIXED_TOTAL,50000,QUEUED,INSERT_AT_COMPLETION,DELAYED,100,0,1,713,0.0568,1,16,1.25,2,128,99,0.7,0.1,23608,0.5030877768983476,0.5196387893605173,0.5030877768983476,0.5196387893605173,1.0548966452050152,1.041634341831375,1.0562896324994417,0.03887118625033055,0.02094628939342602,231.5168000003323,3098.0138799995834,6552.224207999327,14638.552800000063,0.38424121983333337,153414,0,46047,1.08584706929876,2472,0,0,0.0,0,103,144799,21136,2472,b434f1816a707f4bac697235588184ebc374c9907cb981bb65fb0643471fe711,647fbb5ff3987df5b3f824a35e6ea2e873ba8836b16b7024496bed318b84972c,9a62361fd8a0c42bd9e34db934b185e4f2dda2cd,False
phase-a-result-v3,A2-S3_GB_PREFIX_BUCKET-E0_FIFO,S3_GB_PREFIX_BUCKET,E0_FIFO,4,FIXED_TOTAL,50000,QUEUED,INSERT_AT_COMPLETION,DELAYED,100,0,1,713,0.0568,1,2,1.25,2,128,99,0.7,0.1,23608,0.5061975395499272,0.5228902044665033,0.5061975395499272,0.5228902044665033,1.7965096577431379,1.6637224814244247,1.1025981204045847,0.49137605281976615,0.25828109115554043,272.46959999998217,3199.3054400000174,6458.254856000052,18149.701600000262,0.38164041094444445,150480,0,47641,1.0495161730442266,2690,0,0,0.0,1667,350,138164,20918,2690,b434f1816a707f4bac697235588184ebc374c9907cb981bb65fb0643471fe711,2711f07e5011b1cc8fb75529b558998012cfe0637758d9e5d5ca8465c5d7b635,9a62361fd8a0c42bd9e34db934b185e4f2dda2cd,False
phase-a-result-v3,A2-S3_GB_PREFIX_BUCKET-E1_LRU,S3_GB_PREFIX_BUCKET,E1_LRU,4,FIXED_TOTAL,50000,QUEUED,INSERT_AT_COMPLETION,DELAYED,100,0,1,713,0.0568,1,2,1.25,2,128,99,0.7,0.1,23608,0.5228554119153012,0.5400859475999957,0.5228554119153012,0.5400859475999957,1.8217553371738393,1.6831741847266226,1.1175403951287979,0.504329484930929,0.26387241613012535,249.749599999981,3103.4838400000053,6391.827824000935,18149.701600000262,0.3678855257222223,145322,0,47838,1.0451941970818177,2457,0,0,0.0,0,57,136321,21151,2457,b434f1816a707f4bac697235588184ebc374c9907cb981bb65fb0643471fe711,f67c77939c05d0c30da99c997a21d565add0c950531d826dd0d1503974096e95,9a62361fd8a0c42bd9e34db934b185e4f2dda2cd,False
phase-a-result-v3,A2-S3_GB_PREFIX_BUCKET-E2_SLRU,S3_GB_PREFIX_BUCKET,E2_SLRU,4,FIXED_TOTAL,50000,QUEUED,INSERT_AT_COMPLETION,DELAYED,100,0,1,713,0.0568,1,2,1.25,2,128,99,0.7,0.1,23608,0.5188808763032666,0.5359799856898483,0.5188808763032666,0.5359799856898483,1.8220942053541171,1.683471553897563,1.1186316071191436,0.5048103682538327,0.26408420874279903,253.64040000003297,3080.390400000032,6348.39854400002,18149.701600000262,0.3711698871111111,146949,0,48665,1.0274324463166546,2470,0,0,0.0,25,215,146949,21138,2470,b434f1816a707f4bac697235588184ebc374c9907cb981bb65fb0643471fe711,988052197ddd2f1ca9bb4724ae835444f11471920f1006914974545aa3b76131,9a62361fd8a0c42bd9e34db934b185e4f2dda2cd,False
phase-a-result-v3,A2-S3_GB_PREFIX_BUCKET-E3_SECOND_HIT_ADMISSION,S3_GB_PREFIX_BUCKET,E3_SECOND_HIT_ADMISSION,4,FIXED_TOTAL,50000,QUEUED,INSERT_AT_COMPLETION,DELAYED,100,0,1,713,0.0568,1,2,1.25,2,128,99,0.7,0.1,23608,0.43090854903800113,0.4452524366369411,0.43090854903800113,0.4452524366369411,1.7732971873941037,1.6404011523134272,1.0693336414389982,0.47882427609087524,0.2529227380548966,363.03719999978784,3690.078119999963,6871.682175999705,18178.783199999947,0.4437429078888889,0,198107,33557,1.0386506541109157,3215,0,0,0.0,0,0,0,20393,3215,b434f1816a707f4bac697235588184ebc374c9907cb981bb65fb0643471fe711,5b8c261ebbd74a9ef5869a65dac4a268ce8d6243a22b189701c02d4dae3a7415,9a62361fd8a0c42bd9e34db934b185e4f2dda2cd,False
phase-a-result-v3,A2-S5_CENTRALIZED_MASTER_TTFT-E0_FIFO,S5_CENTRALIZED_MASTER_TTFT,E0_FIFO,4,FIXED_TOTAL,50000,QUEUED,INSERT_AT_COMPLETION,DELAYED,100,0,1,713,0.0568,1,2,1.25,2,128,99,0.7,0.1,23608,0.491313184611927,0.5075611156296775,0.491313184611927,0.5075611156296775,1.6028464927143342,1.5634637237941014,1.55238331210131,0.44046224051978866,0.24307438156557093,1060.6548000000184,6589.078320000111,10309.641903999987,21747.754400000034,0.3939021582777778,157827,0,47655,1.0492078480747036,0,0,0,0.0,520,260,146441,0,0,b434f1816a707f4bac697235588184ebc374c9907cb981bb65fb0643471fe711,2b137ff9260e05753e47978ad1f8566b00de30aedef1f0015524c727f26bacaf,9a62361fd8a0c42bd9e34db934b185e4f2dda2cd,False
phase-a-result-v3,A2-S5_CENTRALIZED_MASTER_TTFT-E1_LRU,S5_CENTRALIZED_MASTER_TTFT,E1_LRU,4,FIXED_TOTAL,50000,QUEUED,INSERT_AT_COMPLETION,DELAYED,100,0,1,713,0.0568,1,2,1.25,2,128,99,0.7,0.1,23608,0.5064442685584186,0.523164845882919,0.5064442685584186,0.523164845882919,1.6463910538800406,1.563008399441356,1.5742644755416988,0.48833741335088565,0.2727888851236868,1296.573599999887,6589.078320000111,10504.668679999973,21747.754400000034,0.38142072511111114,152040,0,47135,1.0607828577490188,0,0,0,0.0,0,119,143087,0,0,b434f1816a707f4bac697235588184ebc374c9907cb981bb65fb0643471fe711,99174295044675d146ebc4e9a7b6bb22c1180fb51d8aedd8cbc81404a925dca7,9a62361fd8a0c42bd9e34db934b185e4f2dda2cd,False
phase-a-result-v3,A2-S5_CENTRALIZED_MASTER_TTFT-E2_SLRU,S5_CENTRALIZED_MASTER_TTFT,E2_SLRU,4,FIXED_TOTAL,50000,QUEUED,INSERT_AT_COMPLETION,DELAYED,100,0,1,713,0.0568,1,2,1.25,2,128,99,0.7,0.1,23608,0.49894956956780895,0.5154504473533658,0.49894956956780895,0.5154504473533658,1.5864113859708573,1.5267937813687948,1.5594575386280123,0.480652023325787,0.2669010504913589,1352.3796000004513,6847.3393999998925,10504.668679999973,21747.754400000034,0.38759147711111114,155108,0,46763,1.0692213929816308,0,0,0,0.0,20,349,155108,0,0,b434f1816a707f4bac697235588184ebc374c9907cb981bb65fb0643471fe711,7785eb0c04df82e3b92546dae8071bf38326fc08f4f5671641ca51369e8371a8,9a62361fd8a0c42bd9e34db934b185e4f2dda2cd,False
phase-a-result-v3,A2-S5_CENTRALIZED_MASTER_TTFT-E3_SECOND_HIT_ADMISSION,S5_CENTRALIZED_MASTER_TTFT,E3_SECOND_HIT_ADMISSION,4,FIXED_TOTAL,50000,QUEUED,INSERT_AT_COMPLETION,DELAYED,100,0,1,713,0.0568,1,2,1.25,2,128,99,0.7,0.1,23608,0.39534292889318834,0.4085400910957397,0.39534292889318834,0.4085400910957397,1.2948153168417487,1.2668377785341423,1.2524479324002475,0.27163030019248247,0.14550152490681123,1984.8475999999791,8267.722799999954,12103.298999999372,21747.754400000034,0.4731091350555556,0,225209,19867,1.123018070166608,0,0,0,0.0,0,0,0,0,0,b434f1816a707f4bac697235588184ebc374c9907cb981bb65fb0643471fe711,fc76b2a940cbfca15c77295b6164506aeab6c646ca9a17fc047ef931820282c0,9a62361fd8a0c42bd9e34db934b185e4f2dda2cd,False
phase-a-result-v3,SEED-S3_GB_PREFIX_BUCKET-713,S3_GB_PREFIX_BUCKET,E1_LRU,4,FIXED_TOTAL,50000,QUEUED,INSERT_AT_COMPLETION,DELAYED,100,0,1,713,0.0568,1,2,1.25,2,128,99,0.7,0.1,23608,0.5228554119153012,0.5400859475999957,0.5228554119153012,0.5400859475999957,1.8217553371738393,1.6831741847266226,1.1175403951287979,0.504329484930929,0.26387241613012535,249.749599999981,3103.4838400000053,6391.827824000935,18149.701600000262,0.3678855257222223,145322,0,47838,1.0451941970818177,2457,0,0,0.0,0,57,136321,21151,2457,b434f1816a707f4bac697235588184ebc374c9907cb981bb65fb0643471fe711,6921d977ac7d9151049dc2269db0eb03ba166a965090b525de8fd135bf798757,9a62361fd8a0c42bd9e34db934b185e4f2dda2cd,False
phase-a-result-v3,SEED-S3_GB_PREFIX_BUCKET-714,S3_GB_PREFIX_BUCKET,E1_LRU,4,FIXED_TOTAL,50000,QUEUED,INSERT_AT_COMPLETION,DELAYED,100,0,1,714,0.0568,1,2,1.25,2,128,99,0.7,0.1,23608,0.5228554119153012,0.5400859475999957,0.5228554119153012,0.5400859475999957,1.8217553371738393,1.6831741847266226,1.1175403951287979,0.504329484930929,0.26387241613012535,249.749599999981,3103.4838400000053,6391.827824000935,18149.701600000262,0.3678855257222223,145322,0,47838,1.0451941970818177,2457,0,0,0.0,0,57,136321,21151,2457,b434f1816a707f4bac697235588184ebc374c9907cb981bb65fb0643471fe711,3a6724504bd41dbcc28811d126a9bd5ebec39ea7294181d2c6345a0a424dc120,9a62361fd8a0c42bd9e34db934b185e4f2dda2cd,False
phase-a-result-v3,SEED-S3_GB_PREFIX_BUCKET-715,S3_GB_PREFIX_BUCKET,E1_LRU,4,FIXED_TOTAL,50000,QUEUED,INSERT_AT_COMPLETION,DELAYED,100,0,1,715,0.0568,1,2,1.25,2,128,99,0.7,0.1,23608,0.5228554119153012,0.5400859475999957,0.5228554119153012,0.5400859475999957,1.8217553371738393,1.6831741847266226,1.1175403951287979,0.504329484930929,0.26387241613012535,249.749599999981,3103.4838400000053,6391.827824000935,18149.701600000262,0.3678855257222223,145322,0,47838,1.0451941970818177,2457,0,0,0.0,0,57,136321,21151,2457,b434f1816a707f4bac697235588184ebc374c9907cb981bb65fb0643471fe711,8baaa9da6cf534500f265218350e6ab1e9f55e3588807b9bfd56b004c1ca0445,9a62361fd8a0c42bd9e34db934b185e4f2dda2cd,False
phase-a-result-v3,SEED-S3_GB_PREFIX_BUCKET-716,S3_GB_PREFIX_BUCKET,E1_LRU,4,FIXED_TOTAL,50000,QUEUED,INSERT_AT_COMPLETION,DELAYED,100,0,1,716,0.0568,1,2,1.25,2,128,99,0.7,0.1,23608,0.5228554119153012,0.5400859475999957,0.5228554119153012,0.5400859475999957,1.8217553371738393,1.6831741847266226,1.1175403951287979,0.504329484930929,0.26387241613012535,249.749599999981,3103.4838400000053,6391.827824000935,18149.701600000262,0.3678855257222223,145322,0,47838,1.0451941970818177,2457,0,0,0.0,0,57,136321,21151,2457,b434f1816a707f4bac697235588184ebc374c9907cb981bb65fb0643471fe711,b031d2443b184e27ae8f51b04921b84ab69292dda4b1fa62fbe62f4910c42d91,9a62361fd8a0c42bd9e34db934b185e4f2dda2cd,False
phase-a-result-v3,SEED-S3_GB_PREFIX_BUCKET-717,S3_GB_PREFIX_BUCKET,E1_LRU,4,FIXED_TOTAL,50000,QUEUED,INSERT_AT_COMPLETION,DELAYED,100,0,1,717,0.0568,1,2,1.25,2,128,99,0.7,0.1,23608,0.5228554119153012,0.5400859475999957,0.5228554119153012,0.5400859475999957,1.8217553371738393,1.6831741847266226,1.1175403951287979,0.504329484930929,0.26387241613012535,249.749599999981,3103.4838400000053,6391.827824000935,18149.701600000262,0.3678855257222223,145322,0,47838,1.0451941970818177,2457,0,0,0.0,0,57,136321,21151,2457,b434f1816a707f4bac697235588184ebc374c9907cb981bb65fb0643471fe711,465021a0ee8b50288904ea0fc4c24911f35273c297fe607aa568952d2bda9ba6,9a62361fd8a0c42bd9e34db934b185e4f2dda2cd,False
phase-a-result-v3,SEED-S3_GB_PREFIX_BUCKET-718,S3_GB_PREFIX_BUCKET,E1_LRU,4,FIXED_TOTAL,50000,QUEUED,INSERT_AT_COMPLETION,DELAYED,100,0,1,718,0.0568,1,2,1.25,2,128,99,0.7,0.1,23608,0.5228554119153012,0.5400859475999957,0.5228554119153012,0.5400859475999957,1.8217553371738393,1.6831741847266226,1.1175403951287979,0.504329484930929,0.26387241613012535,249.749599999981,3103.4838400000053,6391.827824000935,18149.701600000262,0.3678855257222223,145322,0,47838,1.0451941970818177,2457,0,0,0.0,0,57,136321,21151,2457,b434f1816a707f4bac697235588184ebc374c9907cb981bb65fb0643471fe711,870784acc60f85689adee60b8d50e7e0f2b754efa79429ae12ab7eb4632cc640,9a62361fd8a0c42bd9e34db934b185e4f2dda2cd,False
phase-a-result-v3,SEED-S3_GB_PREFIX_BUCKET-719,S3_GB_PREFIX_BUCKET,E1_LRU,4,FIXED_TOTAL,50000,QUEUED,INSERT_AT_COMPLETION,DELAYED,100,0,1,719,0.0568,1,2,1.25,2,128,99,0.7,0.1,23608,0.5228554119153012,0.5400859475999957,0.5228554119153012,0.5400859475999957,1.8217553371738393,1.6831741847266226,1.1175403951287979,0.504329484930929,0.26387241613012535,249.749599999981,3103.4838400000053,6391.827824000935,18149.701600000262,0.3678855257222223,145322,0,47838,1.0451941970818177,2457,0,0,0.0,0,57,136321,21151,2457,b434f1816a707f4bac697235588184ebc374c9907cb981bb65fb0643471fe711,172327fc26f64433222a360169a25502cb9e4698645ae585f8cfb320ba19ca1b,9a62361fd8a0c42bd9e34db934b185e4f2dda2cd,False
phase-a-result-v3,SEED-S3_GB_PREFIX_BUCKET-720,S3_GB_PREFIX_BUCKET,E1_LRU,4,FIXED_TOTAL,50000,QUEUED,INSERT_AT_COMPLETION,DELAYED,100,0,1,720,0.0568,1,2,1.25,2,128,99,0.7,0.1,23608,0.5228554119153012,0.5400859475999957,0.5228554119153012,0.5400859475999957,1.8217553371738393,1.6831741847266226,1.1175403951287979,0.504329484930929,0.26387241613012535,249.749599999981,3103.4838400000053,6391.827824000935,18149.701600000262,0.3678855257222223,145322,0,47838,1.0451941970818177,2457,0,0,0.0,0,57,136321,21151,2457,b434f1816a707f4bac697235588184ebc374c9907cb981bb65fb0643471fe711,5cb7c51c68f8b6865c53d6acabd0388552b789bf532b2792c133b401643a0ba7,9a62361fd8a0c42bd9e34db934b185e4f2dda2cd,False
phase-a-result-v3,SEED-S4_SESSION_AFFINITY-713,S4_SESSION_AFFINITY,E1_LRU,4,FIXED_TOTAL,50000,QUEUED,INSERT_AT_COMPLETION,DELAYED,100,0,1,713,0.0568,1,2,1.25,2,128,99,0.7,0.1,23608,0.5163549575430676,0.5333664418545412,0.5163549575430676,0.5333664418545412,1.047272111148763,1.0199785838376099,1.029017013980632,0.03082629654598362,0.016858691968824058,194.82400000002235,3011.4564799999816,6198.4794879999545,16541.523199999996,0.3732604623888889,147983,0,46517,1.0748758518391126,2300,0,0,0.0,0,65,137419,21308,2300,b434f1816a707f4bac697235588184ebc374c9907cb981bb65fb0643471fe711,b928840f342362fb317569694a01294b7756eb3c5a3196234138f3507d9baf69,9a62361fd8a0c42bd9e34db934b185e4f2dda2cd,False
phase-a-result-v3,SEED-S4_SESSION_AFFINITY-714,S4_SESSION_AFFINITY,E1_LRU,4,FIXED_TOTAL,50000,QUEUED,INSERT_AT_COMPLETION,DELAYED,100,0,1,714,0.0568,1,2,1.25,2,128,99,0.7,0.1,23608,0.5163549575430676,0.5333664418545412,0.5163549575430676,0.5333664418545412,1.047272111148763,1.0199785838376099,1.029017013980632,0.03082629654598362,0.016858691968824058,194.82400000002235,3011.4564799999816,6198.4794879999545,16541.523199999996,0.3732604623888889,147983,0,46517,1.0748758518391126,2300,0,0,0.0,0,65,137419,21308,2300,b434f1816a707f4bac697235588184ebc374c9907cb981bb65fb0643471fe711,365fe028e4b3c717c42660ee7a7658933b116b98fa4660b699c115705dcf0cd0,9a62361fd8a0c42bd9e34db934b185e4f2dda2cd,False
phase-a-result-v3,SEED-S4_SESSION_AFFINITY-715,S4_SESSION_AFFINITY,E1_LRU,4,FIXED_TOTAL,50000,QUEUED,INSERT_AT_COMPLETION,DELAYED,100,0,1,715,0.0568,1,2,1.25,2,128,99,0.7,0.1,23608,0.5163549575430676,0.5333664418545412,0.5163549575430676,0.5333664418545412,1.047272111148763,1.0199785838376099,1.029017013980632,0.03082629654598362,0.016858691968824058,194.82400000002235,3011.4564799999816,6198.4794879999545,16541.523199999996,0.3732604623888889,147983,0,46517,1.0748758518391126,2300,0,0,0.0,0,65,137419,21308,2300,b434f1816a707f4bac697235588184ebc374c9907cb981bb65fb0643471fe711,9447c22134e11b0c14b303c5a663be0304e02710b30edfc4c575d868be6e753a,9a62361fd8a0c42bd9e34db934b185e4f2dda2cd,False
phase-a-result-v3,SEED-S4_SESSION_AFFINITY-716,S4_SESSION_AFFINITY,E1_LRU,4,FIXED_TOTAL,50000,QUEUED,INSERT_AT_COMPLETION,DELAYED,100,0,1,716,0.0568,1,2,1.25,2,128,99,0.7,0.1,23608,0.5163549575430676,0.5333664418545412,0.5163549575430676,0.5333664418545412,1.047272111148763,1.0199785838376099,1.029017013980632,0.03082629654598362,0.016858691968824058,194.82400000002235,3011.4564799999816,6198.4794879999545,16541.523199999996,0.3732604623888889,147983,0,46517,1.0748758518391126,2300,0,0,0.0,0,65,137419,21308,2300,b434f1816a707f4bac697235588184ebc374c9907cb981bb65fb0643471fe711,bab3c69f05bb47c70130b6012cdb59e59a39611d47be8aa676d275a831733995,9a62361fd8a0c42bd9e34db934b185e4f2dda2cd,False
phase-a-result-v3,SEED-S4_SESSION_AFFINITY-717,S4_SESSION_AFFINITY,E1_LRU,4,FIXED_TOTAL,50000,QUEUED,INSERT_AT_COMPLETION,DELAYED,100,0,1,717,0.0568,1,2,1.25,2,128,99,0.7,0.1,23608,0.5163549575430676,0.5333664418545412,0.5163549575430676,0.5333664418545412,1.047272111148763,1.0199785838376099,1.029017013980632,0.03082629654598362,0.016858691968824058,194.82400000002235,3011.4564799999816,6198.4794879999545,16541.523199999996,0.3732604623888889,147983,0,46517,1.0748758518391126,2300,0,0,0.0,0,65,137419,21308,2300,b434f1816a707f4bac697235588184ebc374c9907cb981bb65fb0643471fe711,3698019b7aeecc914173537ee66c9dc829dea27be6316f3fe1f47eaa49a5848d,9a62361fd8a0c42bd9e34db934b185e4f2dda2cd,False
phase-a-result-v3,SEED-S4_SESSION_AFFINITY-718,S4_SESSION_AFFINITY,E1_LRU,4,FIXED_TOTAL,50000,QUEUED,INSERT_AT_COMPLETION,DELAYED,100,0,1,718,0.0568,1,2,1.25,2,128,99,0.7,0.1,23608,0.5163549575430676,0.5333664418545412,0.5163549575430676,0.5333664418545412,1.047272111148763,1.0199785838376099,1.029017013980632,0.03082629654598362,0.016858691968824058,194.82400000002235,3011.4564799999816,6198.4794879999545,16541.523199999996,0.3732604623888889,147983,0,46517,1.0748758518391126,2300,0,0,0.0,0,65,137419,21308,2300,b434f1816a707f4bac697235588184ebc374c9907cb981bb65fb0643471fe711,097e653425eb18a82a3c091800ff8b61cd0e4d7b85dcc77e3abce2e36869c141,9a62361fd8a0c42bd9e34db934b185e4f2dda2cd,False
phase-a-result-v3,SEED-S4_SESSION_AFFINITY-719,S4_SESSION_AFFINITY,E1_LRU,4,FIXED_TOTAL,50000,QUEUED,INSERT_AT_COMPLETION,DELAYED,100,0,1,719,0.0568,1,2,1.25,2,128,99,0.7,0.1,23608,0.5163549575430676,0.5333664418545412,0.5163549575430676,0.5333664418545412,1.047272111148763,1.0199785838376099,1.029017013980632,0.03082629654598362,0.016858691968824058,194.82400000002235,3011.4564799999816,6198.4794879999545,16541.523199999996,0.3732604623888889,147983,0,46517,1.0748758518391126,2300,0,0,0.0,0,65,137419,21308,2300,b434f1816a707f4bac697235588184ebc374c9907cb981bb65fb0643471fe711,2e9be3b843a0b2a110fff6a49ac6fd078607232caf83750cc37230f6ab895f84,9a62361fd8a0c42bd9e34db934b185e4f2dda2cd,False
phase-a-result-v3,SEED-S4_SESSION_AFFINITY-720,S4_SESSION_AFFINITY,E1_LRU,4,FIXED_TOTAL,50000,QUEUED,INSERT_AT_COMPLETION,DELAYED,100,0,1,720,0.0568,1,2,1.25,2,128,99,0.7,0.1,23608,0.5163549575430676,0.5333664418545412,0.5163549575430676,0.5333664418545412,1.047272111148763,1.0199785838376099,1.029017013980632,0.03082629654598362,0.016858691968824058,194.82400000002235,3011.4564799999816,6198.4794879999545,16541.523199999996,0.3732604623888889,147983,0,46517,1.0748758518391126,2300,0,0,0.0,0,65,137419,21308,2300,b434f1816a707f4bac697235588184ebc374c9907cb981bb65fb0643471fe711,e48caf68ee734783716df91ea7f7c923087ead434e3e87c73ea707520c429da7,9a62361fd8a0c42bd9e34db934b185e4f2dda2cd,False
phase-a-result-v3,SEED-S5_CENTRALIZED_MASTER_TTFT-713,S5_CENTRALIZED_MASTER_TTFT,E1_LRU,4,FIXED_TOTAL,50000,QUEUED,INSERT_AT_COMPLETION,DELAYED,100,0,1,713,0.0568,1,2,1.25,2,128,99,0.7,0.1,23608,0.5064442685584186,0.523164845882919,0.5064442685584186,0.523164845882919,1.6463910538800406,1.563008399441356,1.5742644755416988,0.48833741335088565,0.2727888851236868,1296.573599999887,6589.078320000111,10504.668679999973,21747.754400000034,0.38142072511111114,152040,0,47135,1.0607828577490188,0,0,0,0.0,0,119,143087,0,0,b434f1816a707f4bac697235588184ebc374c9907cb981bb65fb0643471fe711,1a74a840ae2ef903f323341623728369537d11c0ce308773b57785ea318b455e,9a62361fd8a0c42bd9e34db934b185e4f2dda2cd,False
phase-a-result-v3,SEED-S5_CENTRALIZED_MASTER_TTFT-714,S5_CENTRALIZED_MASTER_TTFT,E1_LRU,4,FIXED_TOTAL,50000,QUEUED,INSERT_AT_COMPLETION,DELAYED,100,0,1,714,0.0568,1,2,1.25,2,128,99,0.7,0.1,23608,0.5064442685584186,0.523164845882919,0.5064442685584186,0.523164845882919,1.6463910538800406,1.563008399441356,1.5742644755416988,0.48833741335088565,0.2727888851236868,1296.573599999887,6589.078320000111,10504.668679999973,21747.754400000034,0.38142072511111114,152040,0,47135,1.0607828577490188,0,0,0,0.0,0,119,143087,0,0,b434f1816a707f4bac697235588184ebc374c9907cb981bb65fb0643471fe711,dd40b966587c1413db26753c474041dc1d483ca84e34b3b73b23c65e979e7d3a,9a62361fd8a0c42bd9e34db934b185e4f2dda2cd,False
phase-a-result-v3,SEED-S5_CENTRALIZED_MASTER_TTFT-715,S5_CENTRALIZED_MASTER_TTFT,E1_LRU,4,FIXED_TOTAL,50000,QUEUED,INSERT_AT_COMPLETION,DELAYED,100,0,1,715,0.0568,1,2,1.25,2,128,99,0.7,0.1,23608,0.5064442685584186,0.523164845882919,0.5064442685584186,0.523164845882919,1.6463910538800406,1.563008399441356,1.5742644755416988,0.48833741335088565,0.2727888851236868,1296.573599999887,6589.078320000111,10504.668679999973,21747.754400000034,0.38142072511111114,152040,0,47135,1.0607828577490188,0,0,0,0.0,0,119,143087,0,0,b434f1816a707f4bac697235588184ebc374c9907cb981bb65fb0643471fe711,2f7aec8a8c7d9605ea01da6e18739c2b3756a8e1808b71ab68280008c1f0817e,9a62361fd8a0c42bd9e34db934b185e4f2dda2cd,False
phase-a-result-v3,SEED-S5_CENTRALIZED_MASTER_TTFT-716,S5_CENTRALIZED_MASTER_TTFT,E1_LRU,4,FIXED_TOTAL,50000,QUEUED,INSERT_AT_COMPLETION,DELAYED,100,0,1,716,0.0568,1,2,1.25,2,128,99,0.7,0.1,23608,0.5064442685584186,0.523164845882919,0.5064442685584186,0.523164845882919,1.6463910538800406,1.563008399441356,1.5742644755416988,0.48833741335088565,0.2727888851236868,1296.573599999887,6589.078320000111,10504.668679999973,21747.754400000034,0.38142072511111114,152040,0,47135,1.0607828577490188,0,0,0,0.0,0,119,143087,0,0,b434f1816a707f4bac697235588184ebc374c9907cb981bb65fb0643471fe711,0b9a8fed9e187b6db55ba66c6697cd1d9dc0f3ee1eb8f0503d5fe8cfa8c43c3f,9a62361fd8a0c42bd9e34db934b185e4f2dda2cd,False
phase-a-result-v3,SEED-S5_CENTRALIZED_MASTER_TTFT-717,S5_CENTRALIZED_MASTER_TTFT,E1_LRU,4,FIXED_TOTAL,50000,QUEUED,INSERT_AT_COMPLETION,DELAYED,100,0,1,717,0.0568,1,2,1.25,2,128,99,0.7,0.1,23608,0.5064442685584186,0.523164845882919,0.5064442685584186,0.523164845882919,1.6463910538800406,1.563008399441356,1.5742644755416988,0.48833741335088565,0.2727888851236868,1296.573599999887,6589.078320000111,10504.668679999973,21747.754400000034,0.38142072511111114,152040,0,47135,1.0607828577490188,0,0,0,0.0,0,119,143087,0,0,b434f1816a707f4bac697235588184ebc374c9907cb981bb65fb0643471fe711,3afe7e53eabd00cff2a3c6f2d37a8a4e6a0eafa12f163d14bcdac9483612d1bc,9a62361fd8a0c42bd9e34db934b185e4f2dda2cd,False
phase-a-result-v3,SEED-S5_CENTRALIZED_MASTER_TTFT-718,S5_CENTRALIZED_MASTER_TTFT,E1_LRU,4,FIXED_TOTAL,50000,QUEUED,INSERT_AT_COMPLETION,DELAYED,100,0,1,718,0.0568,1,2,1.25,2,128,99,0.7,0.1,23608,0.5064442685584186,0.523164845882919,0.5064442685584186,0.523164845882919,1.6463910538800406,1.563008399441356,1.5742644755416988,0.48833741335088565,0.2727888851236868,1296.573599999887,6589.078320000111,10504.668679999973,21747.754400000034,0.38142072511111114,152040,0,47135,1.0607828577490188,0,0,0,0.0,0,119,143087,0,0,b434f1816a707f4bac697235588184ebc374c9907cb981bb65fb0643471fe711,0e11516d645309bc6626bb1caae6d638a4b8e54fb6c4e2678c22584415592eef,9a62361fd8a0c42bd9e34db934b185e4f2dda2cd,False
phase-a-result-v3,SEED-S5_CENTRALIZED_MASTER_TTFT-719,S5_CENTRALIZED_MASTER_TTFT,E1_LRU,4,FIXED_TOTAL,50000,QUEUED,INSERT_AT_COMPLETION,DELAYED,100,0,1,719,0.0568,1,2,1.25,2,128,99,0.7,0.1,23608,0.5064442685584186,0.523164845882919,0.5064442685584186,0.523164845882919,1.6463910538800406,1.563008399441356,1.5742644755416988,0.48833741335088565,0.2727888851236868,1296.573599999887,6589.078320000111,10504.668679999973,21747.754400000034,0.38142072511111114,152040,0,47135,1.0607828577490188,0,0,0,0.0,0,119,143087,0,0,b434f1816a707f4bac697235588184ebc374c9907cb981bb65fb0643471fe711,c92e9053fb8d102e90550df06f1e9fae166ff9f99a5ed5ab004b21539d959d0f,9a62361fd8a0c42bd9e34db934b185e4f2dda2cd,False
phase-a-result-v3,SEED-S5_CENTRALIZED_MASTER_TTFT-720,S5_CENTRALIZED_MASTER_TTFT,E1_LRU,4,FIXED_TOTAL,50000,QUEUED,INSERT_AT_COMPLETION,DELAYED,100,0,1,720,0.0568,1,2,1.25,2,128,99,0.7,0.1,23608,0.5064442685584186,0.523164845882919,0.5064442685584186,0.523164845882919,1.6463910538800406,1.563008399441356,1.5742644755416988,0.48833741335088565,0.2727888851236868,1296.573599999887,6589.078320000111,10504.668679999973,21747.754400000034,0.38142072511111114,152040,0,47135,1.0607828577490188,0,0,0,0.0,0,119,143087,0,0,b434f1816a707f4bac697235588184ebc374c9907cb981bb65fb0643471fe711,0eb933ad7ce661b2830de6e33fea8a508d86f335f2989f7f9ab30cb94dea7d6b,9a62361fd8a0c42bd9e34db934b185e4f2dda2cd,False
phase-a-result-v3,STALE-S3_GB_PREFIX_BUCKET-0,S3_GB_PREFIX_BUCKET,E1_LRU,4,FIXED_TOTAL,50000,QUEUED,INSERT_AT_COMPLETION,DELAYED,0,0,1,713,0.0568,1,2,1.25,2,128,99,0.7,0.1,23608,0.4830538699811411,0.4990204209589425,0.4830538699811411,0.4990204209589425,1.5620128769908506,1.4460251901531218,1.0292502740871772,0.3714974667539553,0.20253727549983047,172.07560000009835,1641.9516799999747,2835.995775999938,7295.822399999946,0.4007338650555556,161615,0,44315,1.1282861333634209,6955,0,0,0.0,0,118,154072,16653,6955,b434f1816a707f4bac697235588184ebc374c9907cb981bb65fb0643471fe711,14d03d214df5861e67a8b3127cd2cdb9aa079930a46b68f148a805a98a0980d7,9a62361fd8a0c42bd9e34db934b185e4f2dda2cd,False
phase-a-result-v3,STALE-S3_GB_PREFIX_BUCKET-50,S3_GB_PREFIX_BUCKET,E1_LRU,4,FIXED_TOTAL,50000,QUEUED,INSERT_AT_COMPLETION,DELAYED,50,0,1,713,0.0568,1,2,1.25,2,128,99,0.7,0.1,23608,0.5228554119153012,0.5400859475999957,0.5228554119153012,0.5400859475999957,1.8217553371738393,1.6831741847266226,1.1175403951287979,0.504329484930929,0.26387241613012535,249.749599999981,3103.4838400000053,6391.827824000935,18149.701600000262,0.3678855257222223,145322,0,47838,1.0451941970818177,2457,0,0,0.0,0,57,136321,21151,2457,b434f1816a707f4bac697235588184ebc374c9907cb981bb65fb0643471fe711,e49e65378d0989cc5c0b7b8ecb3ce3c30240e5f4c006b8b1bf470abf66235a1d,9a62361fd8a0c42bd9e34db934b185e4f2dda2cd,False
phase-a-result-v3,STALE-S3_GB_PREFIX_BUCKET-500,S3_GB_PREFIX_BUCKET,E1_LRU,4,FIXED_TOTAL,50000,QUEUED,INSERT_AT_COMPLETION,DELAYED,500,0,1,713,0.0568,1,2,1.25,2,128,99,0.7,0.1,23608,0.5228554119153012,0.5400859475999957,0.5228554119153012,0.5400859475999957,1.8217553371738393,1.6831741847266226,1.1175403951287979,0.504329484930929,0.26387241613012535,249.749599999981,3103.4838400000053,6391.827824000935,18149.701600000262,0.3678855257222223,145322,0,47838,1.0451941970818177,2457,0,0,0.0,0,57,136321,21151,2457,b434f1816a707f4bac697235588184ebc374c9907cb981bb65fb0643471fe711,ba2cb7b96f1737d1d14cfe546f5cb455cd9a8a3478d1edd9bb67fecaccd75b67,9a62361fd8a0c42bd9e34db934b185e4f2dda2cd,False
phase-a-result-v3,STALE-S3_GB_PREFIX_BUCKET-5000,S3_GB_PREFIX_BUCKET,E1_LRU,4,FIXED_TOTAL,50000,QUEUED,INSERT_AT_COMPLETION,DELAYED,5000,0,1,713,0.0568,1,2,1.25,2,128,99,0.7,0.1,23608,0.5221396535045291,0.5393406163105264,0.5221396535045291,0.5393406163105264,1.8134530667570314,1.671250462068958,1.1121951574591165,0.49804944010811997,0.2600177905794645,293.00279999995837,3498.2836000001494,6917.075600000082,14145.301599999657,0.36848171666666674,145615,0,47160,1.0602205258693809,2705,0,0,0.0,4,62,135725,20903,2705,b434f1816a707f4bac697235588184ebc374c9907cb981bb65fb0643471fe711,84b8b1fda0e78cbb3ac6e08b2fc315ebff708379ff206ffbc1b902ec78310147,9a62361fd8a0c42bd9e34db934b185e4f2dda2cd,False
phase-a-result-v3,STALE-S4_SESSION_AFFINITY-0,S4_SESSION_AFFINITY,E1_LRU,4,FIXED_TOTAL,50000,QUEUED,INSERT_AT_COMPLETION,DELAYED,0,0,1,713,0.0568,1,2,1.25,2,128,99,0.7,0.1,23608,0.4836157281192898,0.49961048948447845,0.4836157281192898,0.49961048948447845,1.0064384954252796,1.0088648943281955,1.011885980800758,0.006091385297271281,0.003240426973907251,150.8607999999076,1668.025719999991,2898.2540800004504,7525.239199999254,0.4002618688888889,161385,0,44497,1.123671258736544,6794,0,0,0.0,0,114,153213,16814,6794,b434f1816a707f4bac697235588184ebc374c9907cb981bb65fb0643471fe711,cbce6ef6b3f01388d28e9734b35b1042aa3a32271dfe51fb5d617b9d3f20df29,9a62361fd8a0c42bd9e34db934b185e4f2dda2cd,False
phase-a-result-v3,STALE-S4_SESSION_AFFINITY-50,S4_SESSION_AFFINITY,E1_LRU,4,FIXED_TOTAL,50000,QUEUED,INSERT_AT_COMPLETION,DELAYED,50,0,1,713,0.0568,1,2,1.25,2,128,99,0.7,0.1,23608,0.5163549575430676,0.5333664418545412,0.5163549575430676,0.5333664418545412,1.047272111148763,1.0199785838376099,1.029017013980632,0.03082629654598362,0.016858691968824058,194.82400000002235,3011.4564799999816,6198.4794879999545,16541.523199999996,0.3732604623888889,147983,0,46517,1.0748758518391126,2300,0,0,0.0,0,65,137419,21308,2300,b434f1816a707f4bac697235588184ebc374c9907cb981bb65fb0643471fe711,9caa09468eb7c3d3615df5766052481847c4e0c86948fbf046b74c8a31a3208c,9a62361fd8a0c42bd9e34db934b185e4f2dda2cd,False
phase-a-result-v3,STALE-S4_SESSION_AFFINITY-500,S4_SESSION_AFFINITY,E1_LRU,4,FIXED_TOTAL,50000,QUEUED,INSERT_AT_COMPLETION,DELAYED,500,0,1,713,0.0568,1,2,1.25,2,128,99,0.7,0.1,23608,0.5163549575430676,0.5333664418545412,0.5163549575430676,0.5333664418545412,1.047272111148763,1.0199785838376099,1.029017013980632,0.03082629654598362,0.016858691968824058,194.82400000002235,3011.4564799999816,6198.4794879999545,16541.523199999996,0.3732604623888889,147983,0,46517,1.0748758518391126,2300,0,0,0.0,0,65,137419,21308,2300,b434f1816a707f4bac697235588184ebc374c9907cb981bb65fb0643471fe711,e7c31dfb77af2a6debaf49b0fa794e42a110d7adcaea40fe38f84296103a4dea,9a62361fd8a0c42bd9e34db934b185e4f2dda2cd,False
phase-a-result-v3,STALE-S4_SESSION_AFFINITY-5000,S4_SESSION_AFFINITY,E1_LRU,4,FIXED_TOTAL,50000,QUEUED,INSERT_AT_COMPLETION,DELAYED,5000,0,1,713,0.0568,1,2,1.25,2,128,99,0.7,0.1,23608,0.5161619714869209,0.5331638004259356,0.5161619714869209,0.5331638004259356,1.026431718061674,1.0103211669396668,1.0260553479448462,0.025605297677664535,0.013046424940698076,247.50600000002305,3606.152479999896,6829.556455998898,13256.438399999985,0.3734225553888889,148062,0,46255,1.0809642200843153,2856,0,0,0.0,0,75,137415,20752,2856,b434f1816a707f4bac697235588184ebc374c9907cb981bb65fb0643471fe711,3807080e5f0123cdd2a12872478eef02e4995ad1f31580b5459c094f34ccbbf5,9a62361fd8a0c42bd9e34db934b185e4f2dda2cd,False
phase-a-result-v3,STALE-S5_CENTRALIZED_MASTER_TTFT-0,S5_CENTRALIZED_MASTER_TTFT,E1_LRU,4,FIXED_TOTAL,50000,QUEUED,INSERT_AT_COMPLETION,DELAYED,0,0,1,713,0.0568,1,2,1.25,2,128,99,0.7,0.1,23608,0.5130888517573945,0.530075764786844,0.5130888517573945,0.530075764786844,1.2716028464927143,1.00795525158103,1.0982496724572988,0.16173826273725733,0.08164605218569987,121.46679999990738,1220.2287199995822,2288.8230240000116,5592.641599999974,0.37589267694444445,149320,0,45971,1.0876422092188553,0,0,0,0.0,0,51,139871,0,0,b434f1816a707f4bac697235588184ebc374c9907cb981bb65fb0643471fe711,d36e8a8979c217becf499ee1d4567af74475d3c6c250ef47b9da0d907e6221b0,9a62361fd8a0c42bd9e34db934b185e4f2dda2cd,False
phase-a-result-v3,STALE-S5_CENTRALIZED_MASTER_TTFT-50,S5_CENTRALIZED_MASTER_TTFT,E1_LRU,4,FIXED_TOTAL,50000,QUEUED,INSERT_AT_COMPLETION,DELAYED,50,0,1,713,0.0568,1,2,1.25,2,128,99,0.7,0.1,23608,0.5064442685584186,0.523164845882919,0.5064442685584186,0.523164845882919,1.6463910538800406,1.563008399441356,1.5742644755416988,0.48833741335088565,0.2727888851236868,1296.573599999887,6589.078320000111,10504.668679999973,21747.754400000034,0.38142072511111114,152040,0,47135,1.0607828577490188,0,0,0,0.0,0,119,143087,0,0,b434f1816a707f4bac697235588184ebc374c9907cb981bb65fb0643471fe711,ddabe08bdcca6d2ec5ef371adc51c884e3bd2556f730e8af3e9fa6dcb4f7862e,9a62361fd8a0c42bd9e34db934b185e4f2dda2cd,False
phase-a-result-v3,STALE-S5_CENTRALIZED_MASTER_TTFT-500,S5_CENTRALIZED_MASTER_TTFT,E1_LRU,4,FIXED_TOTAL,50000,QUEUED,INSERT_AT_COMPLETION,DELAYED,500,0,1,713,0.0568,1,2,1.25,2,128,99,0.7,0.1,23608,0.5064442685584186,0.523164845882919,0.5064442685584186,0.523164845882919,1.6463910538800406,1.563008399441356,1.5742644755416988,0.48833741335088565,0.2727888851236868,1296.573599999887,6589.078320000111,10504.668679999973,21747.754400000034,0.38142072511111114,152040,0,47135,1.0607828577490188,0,0,0,0.0,0,119,143087,0,0,b434f1816a707f4bac697235588184ebc374c9907cb981bb65fb0643471fe711,9c9fc4efcd11ee609208abf4bb5c2185c550ded7aae706bd09def5f31713c32b,9a62361fd8a0c42bd9e34db934b185e4f2dda2cd,False
phase-a-result-v3,STALE-S5_CENTRALIZED_MASTER_TTFT-5000,S5_CENTRALIZED_MASTER_TTFT,E1_LRU,4,FIXED_TOTAL,50000,QUEUED,INSERT_AT_COMPLETION,DELAYED,5000,0,1,713,0.0568,1,2,1.25,2,128,99,0.7,0.1,23608,0.49687069445665877,0.513301705576206,0.49687069445665877,0.513301705576206,1.557946458827516,1.4890149967231647,1.4902588213838375,0.5304756103746735,0.28632243307353433,1961.9004000001587,9123.395720000015,13028.004159999999,27605.424800000037,0.38931025694444443,155959,0,47008,1.0636487406398911,0,0,0,0.0,263,120,147474,0,0,b434f1816a707f4bac697235588184ebc374c9907cb981bb65fb0643471fe711,1a4f9dc98ad928c1ccf7147765a00f61ef578fe91be2d95493b53f5cea12e648,9a62361fd8a0c42bd9e34db934b185e4f2dda2cd,False
phase-a-result-v3,CAP-TOTAL-S3_GB_PREFIX_BUCKET-10000,S3_GB_PREFIX_BUCKET,E1_LRU,4,FIXED_TOTAL,10000,QUEUED,INSERT_AT_COMPLETION,DELAYED,100,0,1,713,0.0568,1,2,1.25,2,128,99,0.7,0.1,23608,0.4315436930202562,0.4458196294729043,0.4315436930202562,0.4458196294729043,1.775160962385632,1.6403550754771765,1.0618680838182368,0.4785981173761326,0.2517790579464587,359.1748000001535,3715.0693199999914,6859.111768000002,18149.701600000262,0.44328921000000004,222701,0,9731,1.027643613194944,3422,0,0,0.0,541,1834,216029,20186,3422,b434f1816a707f4bac697235588184ebc374c9907cb981bb65fb0643471fe711,b27a1141f76d0dbc507a4c8389b5df53ce8aff354ae43d26a538b9fe1060c286,9a62361fd8a0c42bd9e34db934b185e4f2dda2cd,False
phase-a-result-v3,CAP-TOTAL-S3_GB_PREFIX_BUCKET-30000,S3_GB_PREFIX_BUCKET,E1_LRU,4,FIXED_TOTAL,30000,QUEUED,INSERT_AT_COMPLETION,DELAYED,100,0,1,713,0.0568,1,2,1.25,2,128,99,0.7,0.1,23608,0.506945055159812,0.5236698862740936,0.506945055159812,0.5236698862740936,1.8126058963063367,1.673123339499973,1.1059962300221893,0.49819043808572977,0.2603990172822772,263.83600000012666,3138.631679999991,6416.721559999987,18149.701600000262,0.381016743,171835,0,28918,1.0374161421951726,2612,0,0,0.0,128,363,161608,20996,2612,b434f1816a707f4bac697235588184ebc374c9907cb981bb65fb0643471fe711,eb751f01171c71a0b1ebc3822332eba301489ded9b5f4480da0840b122f093b1,9a62361fd8a0c42bd9e34db934b185e4f2dda2cd,False
phase-a-result-v3,CAP-TOTAL-S3_GB_PREFIX_BUCKET-100000,S3_GB_PREFIX_BUCKET,E1_LRU,4,FIXED_TOTAL,100000,QUEUED,INSERT_AT_COMPLETION,DELAYED,100,0,1,713,0.0568,1,2,1.25,2,128,99,0.7,0.1,23608,0.5241672285248048,0.5414373638495197,0.5241672285248048,0.5414373638495197,1.8241274144357844,1.6849380241650027,1.1154850149146658,0.5053232340360905,0.2640630294815316,248.32959999988088,3101.7713200000117,6391.827824000935,18149.701600000262,0.36680452705555555,94785,0,95260,1.0497585555322275,2446,0,0,0.0,0,13,89181,21162,2446,b434f1816a707f4bac697235588184ebc374c9907cb981bb65fb0643471fe711,8c5b261a86b13514bc2162422bf98af4a21ac478db6f0579317dbb7917e2b141,9a62361fd8a0c42bd9e34db934b185e4f2dda2cd,False
phase-a-result-v3,CAP-TOTAL-S4_SESSION_AFFINITY-10000,S4_SESSION_AFFINITY,E1_LRU,4,FIXED_TOTAL,10000,QUEUED,INSERT_AT_COMPLETION,DELAYED,100,0,1,713,0.0568,1,2,1.25,2,128,99,0.7,0.1,23608,0.42577609708908626,0.43985522366124835,0.42577609708908626,0.43985522366124835,1.0548966452050152,1.0279274692804121,1.0227697002251341,0.03774141980822583,0.02056506269061331,322.7944000000134,3629.8267200003047,6760.911383999392,16541.523199999996,0.4480601417777778,225062,0,9750,1.0256410256410255,3280,0,0,0.0,130,1852,218627,20328,3280,b434f1816a707f4bac697235588184ebc374c9907cb981bb65fb0643471fe711,68c2cca2f0113b00077182932cd0c11ebadb157cc4af709950ebd77f53520f2f,9a62361fd8a0c42bd9e34db934b185e4f2dda2cd,False
phase-a-result-v3,CAP-TOTAL-S4_SESSION_AFFINITY-30000,S4_SESSION_AFFINITY,E1_LRU,4,FIXED_TOTAL,30000,QUEUED,INSERT_AT_COMPLETION,DELAYED,100,0,1,713,0.0568,1,2,1.25,2,128,99,0.7,0.1,23608,0.49705146620545443,0.5134443544117222,0.49705146620545443,0.5134443544117222,1.0482887156895968,1.0220624363715949,1.0321400504048635,0.03207499653884049,0.017197560149101898,217.60080000013113,3136.4363599998987,6251.0115360000145,16541.523199999996,0.3891961520555556,175885,0,28620,1.0482180293501049,2534,0,0,0.0,114,402,164653,21074,2534,b434f1816a707f4bac697235588184ebc374c9907cb981bb65fb0643471fe711,e7b41ecaadfa61d2caeb36a6d422335af8467ce9d0a8f4c4d97818e6b8e7320a,9a62361fd8a0c42bd9e34db934b185e4f2dda2cd,False
phase-a-result-v3,CAP-TOTAL-S4_SESSION_AFFINITY-100000,S4_SESSION_AFFINITY,E1_LRU,4,FIXED_TOTAL,100000,QUEUED,INSERT_AT_COMPLETION,DELAYED,100,0,1,713,0.0568,1,2,1.25,2,128,99,0.7,0.1,23608,0.5194378487184749,0.5365476124686187,0.5194378487184749,0.5365476124686187,1.0460860725177905,1.0180274980779416,1.0247334294075379,0.030102339670550756,0.016456286004744136,193.6028000001097,2948.6811199999875,6166.76123200003,16541.523199999996,0.37071584211111114,96721,0,93257,1.0723055641935726,2263,0,0,0.0,0,13,90697,21345,2263,b434f1816a707f4bac697235588184ebc374c9907cb981bb65fb0643471fe711,80fb90295ff759050e9bed6494924fc92202d4b430a67c0cb302711b8d9cf9f1,9a62361fd8a0c42bd9e34db934b185e4f2dda2cd,False
phase-a-result-v3,CAP-TOTAL-S5_CENTRALIZED_MASTER_TTFT-10000,S5_CENTRALIZED_MASTER_TTFT,E1_LRU,4,FIXED_TOTAL,10000,QUEUED,INSERT_AT_COMPLETION,DELAYED,100,0,1,713,0.0568,1,2,1.25,2,128,99,0.7,0.1,23608,0.4219676760570262,0.43595673079343616,0.4219676760570262,0.43595673079343616,1.3608946119959335,1.359358684998653,1.4273817993036642,0.3574425473917667,0.19262538122670292,1785.4795999994967,7865.300480000016,11829.134487999861,21747.754400000034,0.45117854855555556,226621,0,9815,1.0188487009679064,0,0,0,0.0,63,1123,221382,0,0,b434f1816a707f4bac697235588184ebc374c9907cb981bb65fb0643471fe711,d7cb8194784c6d38d67dcc890ef092d7368cd26c85b95d54bf9fd41a96e9a7a0,9a62361fd8a0c42bd9e34db934b185e4f2dda2cd,False
phase-a-result-v3,CAP-TOTAL-S5_CENTRALIZED_MASTER_TTFT-30000,S5_CENTRALIZED_MASTER_TTFT,E1_LRU,4,FIXED_TOTAL,30000,QUEUED,INSERT_AT_COMPLETION,DELAYED,100,0,1,713,0.0568,1,2,1.25,2,128,99,0.7,0.1,23608,0.48803975024184326,0.5041815394605325,0.48803975024184326,0.5041815394605325,1.5254151135208405,1.4753651482019967,1.5416909929737048,0.45134568685657633,0.24951287699085056,1392.878000000157,7002.7044400002205,10857.754519999746,21747.754400000034,0.3966054832777778,179574,0,28756,1.043260536931423,0,0,0,0.0,0,318,170256,0,0,b434f1816a707f4bac697235588184ebc374c9907cb981bb65fb0643471fe711,7f233d7280e20a600d85ace4636d8af7d96408f09c26dd3fd13c394c18fe6478,9a62361fd8a0c42bd9e34db934b185e4f2dda2cd,False
phase-a-result-v3,CAP-TOTAL-S5_CENTRALIZED_MASTER_TTFT-100000,S5_CENTRALIZED_MASTER_TTFT,E1_LRU,4,FIXED_TOTAL,100000,QUEUED,INSERT_AT_COMPLETION,DELAYED,100,0,1,713,0.0568,1,2,1.25,2,128,99,0.7,0.1,23608,0.5147890833406619,0.5317715984837071,0.5147890833406619,0.5317715984837071,1.6635038969840732,1.619950492944482,1.617272171149731,0.5019091774985819,0.2804981362250085,1278.6816000002436,6541.31519999987,10383.007055999995,21747.754400000034,0.3745361785555556,106928,0,86115,1.0648086860593393,0,0,0,0.0,0,15,101599,0,0,b434f1816a707f4bac697235588184ebc374c9907cb981bb65fb0643471fe711,fb8610a6643a88252a0258b52e455a25eedde7085a47b5df2a270f6c36e02d5d,9a62361fd8a0c42bd9e34db934b185e4f2dda2cd,False
phase-a-result-v3,CAP-PER-S3_GB_PREFIX_BUCKET-5000,S3_GB_PREFIX_BUCKET,E1_LRU,4,FIXED_PER_NODE,5000,QUEUED,INSERT_AT_COMPLETION,DELAYED,100,0,1,713,0.0568,1,2,1.25,2,128,99,0.7,0.1,23608,0.48311982724083685,0.49907971332613854,0.48311982724083685,0.49907971332613854,1.793798712300915,1.6622159700706884,1.094507707269237,0.4889577076586268,0.2569467976956963,289.82199999995646,3342.8191599998,6601.552167999255,18149.701600000262,0.40068643705555557,191588,0,19490,1.026167265264238,2842,0,0,0.0,15,849,181996,20766,2842,b434f1816a707f4bac697235588184ebc374c9907cb981bb65fb0643471fe711,bf1a5be4f68fed538b4b964402add8c1f4dace4393ad047a4bac478565a72061,9a62361fd8a0c42bd9e34db934b185e4f2dda2cd,False
phase-a-result-v3,CAP-PER-S3_GB_PREFIX_BUCKET-10000,S3_GB_PREFIX_BUCKET,E1_LRU,4,FIXED_PER_NODE,10000,QUEUED,INSERT_AT_COMPLETION,DELAYED,100,0,1,713,0.0568,1,2,1.25,2,128,99,0.7,0.1,23608,0.5201755928824788,0.5373302283213256,0.5201755928824788,0.5373302283213256,1.8139613690274483,1.6772531929203554,1.1268743207476766,0.5000951002647553,0.26219925449000336,253.1007999998983,3088.2216799999806,6346.198112000013,18149.701600000262,0.3700898272222222,156419,0,38461,1.0400145602038429,2517,0,0,0.0,8,123,146759,21091,2517,b434f1816a707f4bac697235588184ebc374c9907cb981bb65fb0643471fe711,be0815804d69ac083f4aac9e6e1ceef38ef1dcf6bffd123e615c7abaf26b28ef,9a62361fd8a0c42bd9e34db934b185e4f2dda2cd,False
phase-a-result-v3,CAP-PER-S3_GB_PREFIX_BUCKET-30000,S3_GB_PREFIX_BUCKET,E1_LRU,4,FIXED_PER_NODE,30000,QUEUED,INSERT_AT_COMPLETION,DELAYED,100,0,1,713,0.0568,1,2,1.25,2,128,99,0.7,0.1,23608,0.5243064716286069,0.5415801162395694,0.5243064716286069,0.5415801162395694,1.8241274144357844,1.6849380241650027,1.1154798965291288,0.5053232340360905,0.2640630294815316,248.3012000003364,3100.700639999983,6384.853352000164,18149.701600000262,0.36669033933333334,74728,0,114188,1.0508985182330892,2446,0,0,0.0,0,8,70710,21162,2446,b434f1816a707f4bac697235588184ebc374c9907cb981bb65fb0643471fe711,fbb9e00c7e9e618f24a814ea39c954b99a95e85cf96b2d500f03214a1137170f,9a62361fd8a0c42bd9e34db934b185e4f2dda2cd,False
phase-a-result-v3,CAP-PER-S4_SESSION_AFFINITY-5000,S4_SESSION_AFFINITY,E1_LRU,4,FIXED_PER_NODE,5000,QUEUED,INSERT_AT_COMPLETION,DELAYED,100,0,1,713,0.0568,1,2,1.25,2,128,99,0.7,0.1,23608,0.4735438102776068,0.48917177335575485,0.4735438102776068,0.48917177335575485,1.0438834293459844,1.0203931372911557,1.0266921995941278,0.03222033252412168,0.017663503896984123,248.32959999988088,3336.0003200000806,6403.583720000176,12507.279199999757,0.4086118041666667,195508,0,19420,1.0298661174047374,2770,0,0,0.0,295,869,185555,20838,2770,b434f1816a707f4bac697235588184ebc374c9907cb981bb65fb0643471fe711,7967dc2147e92148dca54dfd09c5f5ed84c62e6ee799c2d9fd5f5eae3d6ec9eb,9a62361fd8a0c42bd9e34db934b185e4f2dda2cd,False
phase-a-result-v3,CAP-PER-S4_SESSION_AFFINITY-10000,S4_SESSION_AFFINITY,E1_LRU,4,FIXED_PER_NODE,10000,QUEUED,INSERT_AT_COMPLETION,DELAYED,100,0,1,713,0.0568,1,2,1.25,2,128,99,0.7,0.1,23608,0.5140122533931346,0.5309595484876376,0.5140122533931346,0.5309595484876376,1.0486275838698746,1.021709364723954,1.028942862056178,0.03194607767132816,0.017515249068112526,198.5160000002943,3041.9950000001345,6198.4794879999545,16541.523199999996,0.37518573783333337,158942,0,37373,1.0702913868300645,2324,0,0,0.0,12,124,147477,21284,2324,b434f1816a707f4bac697235588184ebc374c9907cb981bb65fb0643471fe711,b081dc3c4e0295a5ed49173b726f52a13e1dbcc49001ec3470bdd49fd4f54c65,9a62361fd8a0c42bd9e34db934b185e4f2dda2cd,False
phase-a-result-v3,CAP-PER-S4_SESSION_AFFINITY-30000,S4_SESSION_AFFINITY,E1_LRU,4,FIXED_PER_NODE,30000,QUEUED,INSERT_AT_COMPLETION,DELAYED,100,0,1,713,0.0568,1,2,1.25,2,128,99,0.7,0.1,23608,0.5196552633893237,0.5367667239992232,0.5196552633893237,0.5367667239992232,1.044900033886818,1.0175204556324522,1.0251527296228575,0.029288582854740997,0.016011521518129346,192.94959999993443,2947.272480000118,6166.76123200003,16541.523199999996,0.3705405746666667,76632,0,112245,1.0690899371909661,2256,0,0,0.0,0,7,72098,21352,2256,b434f1816a707f4bac697235588184ebc374c9907cb981bb65fb0643471fe711,6bf56128af32a5220ef14a7e2fb89f393c550aaf53f8084ffecc2c066a00418a,9a62361fd8a0c42bd9e34db934b185e4f2dda2cd,False
phase-a-result-v3,CAP-PER-S5_CENTRALIZED_MASTER_TTFT-5000,S5_CENTRALIZED_MASTER_TTFT,E1_LRU,4,FIXED_PER_NODE,5000,QUEUED,INSERT_AT_COMPLETION,DELAYED,100,0,1,713,0.0568,1,2,1.25,2,128,99,0.7,0.1,23608,0.46872893031981944,0.48423395787779305,0.46872893031981944,0.48423395787779305,1.4984750931887496,1.4453993657265096,1.457134011159611,0.42428150161458744,0.23483564893256514,1525.591199999908,7137.811759999588,10736.707471999911,21747.754400000034,0.41256156572222225,197479,0,19065,1.049042748492001,0,0,0,0.0,26,553,188838,0,0,b434f1816a707f4bac697235588184ebc374c9907cb981bb65fb0643471fe711,6b62489c4983262870898eee6d9de619b347aeda3e86ea8ceaa736746c6c437d,9a62361fd8a0c42bd9e34db934b185e4f2dda2cd,False
phase-a-result-v3,CAP-PER-S5_CENTRALIZED_MASTER_TTFT-10000,S5_CENTRALIZED_MASTER_TTFT,E1_LRU,4,FIXED_PER_NODE,10000,QUEUED,INSERT_AT_COMPLETION,DELAYED,100,0,1,713,0.0568,1,2,1.25,2,128,99,0.7,0.1,23608,0.5008354586228124,0.517405167384044,0.5008354586228124,0.517405167384044,1.6169095221958658,1.525669080511337,1.5685087359094778,0.48577864673341414,0.2710098271772281,1336.3052000000607,6711.9963600004085,10504.668679999973,21747.754400000034,0.3860278953888889,164336,0,37543,1.0654449564499373,0,0,0,0.0,21,192,155265,0,0,b434f1816a707f4bac697235588184ebc374c9907cb981bb65fb0643471fe711,e4164022a2412a0edbbb58792662bb0d941128cea7ac6382d27dbdd2bed4c9e0,9a62361fd8a0c42bd9e34db934b185e4f2dda2cd,False
phase-a-result-v3,CAP-PER-S5_CENTRALIZED_MASTER_TTFT-30000,S5_CENTRALIZED_MASTER_TTFT,E1_LRU,4,FIXED_PER_NODE,30000,QUEUED,INSERT_AT_COMPLETION,DELAYED,100,0,1,713,0.0568,1,2,1.25,2,128,99,0.7,0.1,23608,0.5151481839767831,0.5321413424112459,0.5151481839767831,0.5321413424112459,1.6596069129108777,1.6207052378341655,1.61677010123743,0.49989065396477733,0.2793332768553032,1272.4903999998933,6518.737200000034,10383.007055999995,21747.754400000034,0.3742404201666667,91622,0,100553,1.0626734160094677,0,0,0,0.0,0,10,87455,0,0,b434f1816a707f4bac697235588184ebc374c9907cb981bb65fb0643471fe711,41a2552c031ad7ee38c7d94ccc5f3c2e7cc69e199dfa5d278ed607ad5614ad0d,9a62361fd8a0c42bd9e34db934b185e4f2dda2cd,False
phase-a-result-v3,N-S3_GB_PREFIX_BUCKET-2,S3_GB_PREFIX_BUCKET,E1_LRU,2,FIXED_TOTAL,50000,QUEUED,INSERT_AT_COMPLETION,DELAYED,100,0,1,713,0.0568,1,2,1.25,2,128,99,0.7,0.1,23608,0.4892294237778364,0.505395006277895,0.4892294237778364,0.505395006277895,1.1741782446628262,1.119372907671404,1.011893347305035,0.17417824466282616,0.08708912233141297,2184.555600000196,9072.323440000071,12751.680728000774,21747.754400000034,0.791269660888889,159087,0,44183,1.1316569721386054,7719,0,0,0.0,0,100,151486,15889,7719,b434f1816a707f4bac697235588184ebc374c9907cb981bb65fb0643471fe711,2c5c3a68287065eb8c23db91a61becf80c001d37650abd183fb0f29c7af0ef35,9a62361fd8a0c42bd9e34db934b185e4f2dda2cd,False
phase-a-result-v3,N-S3_GB_PREFIX_BUCKET-8,S3_GB_PREFIX_BUCKET,E1_LRU,8,FIXED_TOTAL,50000,QUEUED,INSERT_AT_COMPLETION,DELAYED,100,0,1,713,0.0568,1,2,1.25,2,128,99,0.7,0.1,23608,0.5399920851288366,0.5577683427982095,0.5399920851288366,0.5577683427982095,3.410030498136225,2.9707883558805004,1.4180579568160046,0.97994909659914,0.4185657404269738,83.6948000000557,1618.9306400005237,3609.2923840004037,11044.305599999963,0.1768706836111111,138307,0,49071,1.0189317519512544,925,0,0,0.0,3,75,128430,22683,925,b434f1816a707f4bac697235588184ebc374c9907cb981bb65fb0643471fe711,64bdf7e4d3eb66ff620ad6fa47f1067006398fc2991690be63835dd209fa7074,9a62361fd8a0c42bd9e34db934b185e4f2dda2cd,False
phase-a-result-v3,N-S4_SESSION_AFFINITY-2,S4_SESSION_AFFINITY,E1_LRU,2,FIXED_TOTAL,50000,QUEUED,INSERT_AT_COMPLETION,DELAYED,100,0,1,713,0.0568,1,2,1.25,2,128,99,0.7,0.1,23608,0.49034336860825295,0.5065386477526513,0.49034336860825295,0.5065386477526513,1.0020332090816673,1.0043439992645458,1.000084610884913,0.0020332090816672314,0.0010166045408335211,2214.0296000009403,8999.227280000468,13105.426864000085,22034.060800000094,0.7894400618888889,158631,0,44381,1.1266082332529685,7106,0,0,0.0,80,91,149938,16502,7106,b434f1816a707f4bac697235588184ebc374c9907cb981bb65fb0643471fe711,3a46a6d5914f42620ebf8760bdd06267313c74a87762e515806fbd94840e2758,9a62361fd8a0c42bd9e34db934b185e4f2dda2cd,False
phase-a-result-v3,N-S4_SESSION_AFFINITY-8,S4_SESSION_AFFINITY,E1_LRU,8,FIXED_TOTAL,50000,QUEUED,INSERT_AT_COMPLETION,DELAYED,100,0,1,713,0.0568,1,2,1.25,2,128,99,0.7,0.1,23608,0.5326146434887971,0.5501377642667932,0.5326146434887971,0.5501377642667932,1.0389698407319552,1.0591260635463577,1.0568242794058442,0.019788276951076156,0.010992036597763377,35.92599999997765,1532.0039199999876,3561.8672240001265,9625.896,0.1799225357777778,141327,0,47808,1.0458500669344042,797,0,0,0.0,0,51,129837,22811,797,b434f1816a707f4bac697235588184ebc374c9907cb981bb65fb0643471fe711,4893a46ddf3056605042a2285b605a4df62b87d84d6855aaad70e3f0e6f55f1d,9a62361fd8a0c42bd9e34db934b185e4f2dda2cd,False
phase-a-result-v3,N-S5_CENTRALIZED_MASTER_TTFT-2,S5_CENTRALIZED_MASTER_TTFT,E1_LRU,2,FIXED_TOTAL,50000,QUEUED,INSERT_AT_COMPLETION,DELAYED,100,0,1,713,0.0568,1,2,1.25,2,128,99,0.7,0.1,23608,0.5035055062097539,0.520131274997294,0.5035055062097539,0.520131274997294,1.07167062012877,1.0736039538422728,1.0825172629112365,0.0716706201287699,0.035835310064384895,2358.960799999957,8903.644919999995,12860.352863998427,22093.571999999927,0.7676945605555556,153243,0,45640,1.0955302366345312,0,0,0,0.0,0,89,144469,0,0,b434f1816a707f4bac697235588184ebc374c9907cb981bb65fb0643471fe711,6fc241e616386b88b961d4f4cec80a9782cef952958ae2021ce4c1762e7822a2,9a62361fd8a0c42bd9e34db934b185e4f2dda2cd,False
phase-a-result-v3,N-S5_CENTRALIZED_MASTER_TTFT-8,S5_CENTRALIZED_MASTER_TTFT,E1_LRU,8,FIXED_TOTAL,50000,QUEUED,INSERT_AT_COMPLETION,DELAYED,100,0,1,713,0.0568,1,2,1.25,2,128,99,0.7,0.1,23608,0.5042066074517046,0.5208785639605636,0.5042066074517046,0.5208785639605636,2.6750254151135207,2.4862341679356987,2.5463426792888084,0.960951234153722,0.5247056082683836,767.9360000000015,6109.399479999975,9879.499479999919,19586.457599999965,0.19162476169444445,167124,0,34907,1.0264989830120033,0,0,0,0.0,0,236,156556,0,0,b434f1816a707f4bac697235588184ebc374c9907cb981bb65fb0643471fe711,2f8544b677940a58f3987c682672f7f0cf7993f76d3538a56b18cec0203da2fa,9a62361fd8a0c42bd9e34db934b185e4f2dda2cd,False
phase-a-result-v3,S4-CAP-8,S4_SESSION_AFFINITY,E1_LRU,4,FIXED_TOTAL,50000,QUEUED,INSERT_AT_COMPLETION,DELAYED,100,0,1,713,0.0568,1,2,1.25,2,8,99,0.7,0.1,23608,0.5153729272320425,0.5323399205572027,0.5153729272320425,0.5323399205572027,1.060826838359878,1.0505932883318534,1.0541242494549867,0.03831102983072454,0.020205015249068037,197.23800000012852,2957.496479999553,6002.387712000149,16541.523199999996,0.37408157738888886,148385,0,46206,1.082110548413626,2448,0,0,0.0,17,81,137318,21160,2448,b434f1816a707f4bac697235588184ebc374c9907cb981bb65fb0643471fe711,7d406c35c8ed92d1de280d2a8bc5d73cc016551ad52a766889c4570d1b0c9942,9a62361fd8a0c42bd9e34db934b185e4f2dda2cd,False
phase-a-result-v3,S4-CAP-32,S4_SESSION_AFFINITY,E1_LRU,4,FIXED_TOTAL,50000,QUEUED,INSERT_AT_COMPLETION,DELAYED,100,0,1,713,0.0568,1,2,1.25,2,32,99,0.7,0.1,23608,0.5150944410244384,0.5320513880397897,0.5150944410244384,0.5320513880397897,1.0442222975262623,1.0285680083131212,1.034863405074782,0.03099254734357204,0.01715520162656725,195.39199999975972,2998.3669199999995,6253.7390719998875,16541.523199999996,0.37431237472222223,148499,0,45858,1.0903222992716648,2351,0,0,0.0,0,69,137842,21257,2351,b434f1816a707f4bac697235588184ebc374c9907cb981bb65fb0643471fe711,be246f7f98bbba474e902a5d23e2feab3fe91123a0cc55e0e85dcc01871a48c4,9a62361fd8a0c42bd9e34db934b185e4f2dda2cd,False
phase-a-result-v3,S4-CAP-128,S4_SESSION_AFFINITY,E1_LRU,4,FIXED_TOTAL,50000,QUEUED,INSERT_AT_COMPLETION,DELAYED,100,0,1,713,0.0568,1,2,1.25,2,128,99,0.7,0.1,23608,0.5163549575430676,0.5333664418545412,0.5163549575430676,0.5333664418545412,1.047272111148763,1.0199785838376099,1.029017013980632,0.03082629654598362,0.016858691968824058,194.82400000002235,3011.4564799999816,6198.4794879999545,16541.523199999996,0.3732604623888889,147983,0,46517,1.0748758518391126,2300,0,0,0.0,0,65,137419,21308,2300,b434f1816a707f4bac697235588184ebc374c9907cb981bb65fb0643471fe711,4db8bda556eb2acb66aff3e006f7b7a5627b0b9898779d5bc27987873c5fbe1e,9a62361fd8a0c42bd9e34db934b185e4f2dda2cd,False
phase-a-result-v3,S4-CAP-512,S4_SESSION_AFFINITY,E1_LRU,4,FIXED_TOTAL,50000,QUEUED,INSERT_AT_COMPLETION,DELAYED,100,0,1,713,0.0568,1,2,1.25,2,512,99,0.7,0.1,23608,0.5163549575430676,0.5333664418545412,0.5163549575430676,0.5333664418545412,1.047272111148763,1.0199785838376099,1.029017013980632,0.03082629654598362,0.016858691968824058,194.82400000002235,3011.4564799999816,6198.4794879999545,16541.523199999996,0.3732604623888889,147983,0,46517,1.0748758518391126,2300,0,0,0.0,0,65,137419,21308,2300,b434f1816a707f4bac697235588184ebc374c9907cb981bb65fb0643471fe711,fe2f81ea6fce262a906f74216259c3744e4a353e32ff34a899bcd7b2afda1c48,9a62361fd8a0c42bd9e34db934b185e4f2dda2cd,False
phase-a-result-v3,S4-HOT-90,S4_SESSION_AFFINITY,E1_LRU,4,FIXED_TOTAL,50000,QUEUED,INSERT_AT_COMPLETION,DELAYED,100,0,1,713,0.0568,1,2,1.25,2,128,90,0.7,0.1,23608,0.5163549575430676,0.5333664418545412,0.5163549575430676,0.5333664418545412,1.047272111148763,1.0199785838376099,1.029017013980632,0.03082629654598362,0.016858691968824058,194.82400000002235,3011.4564799999816,6198.4794879999545,16541.523199999996,0.3732604623888889,147983,0,46517,1.0748758518391126,2300,0,0,0.0,0,65,137419,21308,2300,b434f1816a707f4bac697235588184ebc374c9907cb981bb65fb0643471fe711,091e9e5e9c7cd6418c4c35cc1648ebcd328e0097b7f4206508a2eb40496b3fd7,9a62361fd8a0c42bd9e34db934b185e4f2dda2cd,False
phase-a-result-v3,S4-HOT-95,S4_SESSION_AFFINITY,E1_LRU,4,FIXED_TOTAL,50000,QUEUED,INSERT_AT_COMPLETION,DELAYED,100,0,1,713,0.0568,1,2,1.25,2,128,95,0.7,0.1,23608,0.5163549575430676,0.5333664418545412,0.5163549575430676,0.5333664418545412,1.047272111148763,1.0199785838376099,1.029017013980632,0.03082629654598362,0.016858691968824058,194.82400000002235,3011.4564799999816,6198.4794879999545,16541.523199999996,0.3732604623888889,147983,0,46517,1.0748758518391126,2300,0,0,0.0,0,65,137419,21308,2300,b434f1816a707f4bac697235588184ebc374c9907cb981bb65fb0643471fe711,5b08abccf2bcb1e7fc0be6426eb057e9e6b0747f659fa52c3af57adfe5c1eb98,9a62361fd8a0c42bd9e34db934b185e4f2dda2cd,False
phase-a-result-v3,S4-HOT-99,S4_SESSION_AFFINITY,E1_LRU,4,FIXED_TOTAL,50000,QUEUED,INSERT_AT_COMPLETION,DELAYED,100,0,1,713,0.0568,1,2,1.25,2,128,99,0.7,0.1,23608,0.5163549575430676,0.5333664418545412,0.5163549575430676,0.5333664418545412,1.047272111148763,1.0199785838376099,1.029017013980632,0.03082629654598362,0.016858691968824058,194.82400000002235,3011.4564799999816,6198.4794879999545,16541.523199999996,0.3732604623888889,147983,0,46517,1.0748758518391126,2300,0,0,0.0,0,65,137419,21308,2300,b434f1816a707f4bac697235588184ebc374c9907cb981bb65fb0643471fe711,695117ed202b57f2b3799ce86ef80709aa782988635e891c3161cc4814934138,9a62361fd8a0c42bd9e34db934b185e4f2dda2cd,False
phase-a-result-v3,S4-HOT-100,S4_SESSION_AFFINITY,E1_LRU,4,FIXED_TOTAL,50000,QUEUED,INSERT_AT_COMPLETION,DELAYED,100,0,1,713,0.0568,1,2,1.25,2,128,100,0.7,0.1,23608,0.5229873264346926,0.5402711474864546,0.5229873264346926,0.5402711474864546,1.1048797017960013,1.0847328510746108,1.0759018022637459,0.0796975348217858,0.04384107082344957,266.70439999969676,3062.939999999817,6003.062496000122,13918.669600000023,0.36773738422222224,145268,0,47273,1.0576862056565057,2503,0,0,0.0,0,52,135620,21105,2503,b434f1816a707f4bac697235588184ebc374c9907cb981bb65fb0643471fe711,bac775aafc610945e506d7ff9ed4934015019ad4c941e14ca75ce7e658a76ac6,9a62361fd8a0c42bd9e34db934b185e4f2dda2cd,False
phase-a-result-v3,S5-DISCOUNT-0.25,S5_CENTRALIZED_MASTER_TTFT,E1_LRU,4,FIXED_TOTAL,50000,QUEUED,INSERT_AT_COMPLETION,DELAYED,100,0,1,713,0.0568,1,2,1.25,2,128,99,0.25,0.1,23608,0.49845855441229636,0.5149681199232112,0.49845855441229636,0.5149681199232112,1.589969501863775,1.5370880487855862,1.5702927315087245,0.47249020873820774,0.2631946797695697,1398.9272000000346,6755.973760000241,10592.854088000024,21311.530400000047,0.3879772911111111,155309,0,46852,1.0671903013745412,0,0,0,0.0,0,135,146527,0,0,b434f1816a707f4bac697235588184ebc374c9907cb981bb65fb0643471fe711,ca2b26ee2a332c14f37a8f86277977e6119688e7ded8d8dc9d45da3239f893c0,9a62361fd8a0c42bd9e34db934b185e4f2dda2cd,False
phase-a-result-v3,S5-DISCOUNT-0.7,S5_CENTRALIZED_MASTER_TTFT,E1_LRU,4,FIXED_TOTAL,50000,QUEUED,INSERT_AT_COMPLETION,DELAYED,100,0,1,713,0.0568,1,2,1.25,2,128,99,0.7,0.1,23608,0.5064442685584186,0.523164845882919,0.5064442685584186,0.523164845882919,1.6463910538800406,1.563008399441356,1.5742644755416988,0.48833741335088565,0.2727888851236868,1296.573599999887,6589.078320000111,10504.668679999973,21747.754400000034,0.38142072511111114,152040,0,47135,1.0607828577490188,0,0,0,0.0,0,119,143087,0,0,b434f1816a707f4bac697235588184ebc374c9907cb981bb65fb0643471fe711,0b9d08800d32018e03087b52ce464aeae611f423e7fadf7edbfc3d96206fc3a3,9a62361fd8a0c42bd9e34db934b185e4f2dda2cd,False
phase-a-result-v3,S5-DISCOUNT-1.0,S5_CENTRALIZED_MASTER_TTFT,E1_LRU,4,FIXED_TOTAL,50000,QUEUED,INSERT_AT_COMPLETION,DELAYED,100,0,1,713,0.0568,1,2,1.25,2,128,99,1.0,0.1,23608,0.5121801072904758,0.5290755808591989,0.5121801072904758,0.5290755808591989,1.6367333107421214,1.5717816381450442,1.6041762871294365,0.5091668491473811,0.2831455438834294,1263.658000000054,6480.502280000257,10193.068424000268,21747.754400000034,0.37669272466666665,149692,0,48000,1.0416666666666667,0,0,0,0.0,196,97,140282,0,0,b434f1816a707f4bac697235588184ebc374c9907cb981bb65fb0643471fe711,2348453e35c391e040e8748a121e552db311fd697d7f70e5a4d055141c283340,9a62361fd8a0c42bd9e34db934b185e4f2dda2cd,False
phase-a-result-v3,S5-DISCOUNT-2.0,S5_CENTRALIZED_MASTER_TTFT,E1_LRU,4,FIXED_TOTAL,50000,QUEUED,INSERT_AT_COMPLETION,DELAYED,100,0,1,713,0.0568,1,2,1.25,2,128,99,2.0,0.1,23608,0.5181333606933818,0.5352718600649244,0.5181333606933818,0.5352718600649244,1.6623178583531006,1.6424163629851893,1.67537331415879,0.5170300486034375,0.2886097932904099,1222.1371999997646,6291.886519999909,10216.589872000834,21311.530400000047,0.3717363172222222,147255,0,48189,1.0375811907281745,0,0,0,0.0,0,109,138142,0,0,b434f1816a707f4bac697235588184ebc374c9907cb981bb65fb0643471fe711,c7ebff1406927597d8a71a2473d0859963f844cd36028385b4bc4a148770f542,9a62361fd8a0c42bd9e34db934b185e4f2dda2cd,False
phase-a-result-v3,S5-BAND-0.01,S5_CENTRALIZED_MASTER_TTFT,E1_LRU,4,FIXED_TOTAL,50000,QUEUED,INSERT_AT_COMPLETION,DELAYED,100,0,1,713,0.0568,1,2,1.25,2,128,99,0.7,0.01,23608,0.5075288990511926,0.5242706505035923,0.5075288990511926,0.5242706505035923,1.653168417485598,1.6115925769565886,1.6777061632918908,0.5102810658659599,0.28428922399186707,1250.9063999995124,6540.869320000293,10201.006224000019,21311.530400000047,0.38053619133333333,151596,0,47345,1.056077727320731,0,0,0,0.0,159,137,142838,0,0,b434f1816a707f4bac697235588184ebc374c9907cb981bb65fb0643471fe711,3cec643f9b15e0f371009d18e4fa6b7725899a649a8158b36f25f771d9b7ccae,9a62361fd8a0c42bd9e34db934b185e4f2dda2cd,False
phase-a-result-v3,S5-BAND-0.05,S5_CENTRALIZED_MASTER_TTFT,E1_LRU,4,FIXED_TOTAL,50000,QUEUED,INSERT_AT_COMPLETION,DELAYED,100,0,1,713,0.0568,1,2,1.25,2,128,99,0.7,0.05,23608,0.5089017871974516,0.5257010196881775,0.5089017871974516,0.5257010196881775,1.6075906472382244,1.535327937310413,1.5462565838853461,0.5036140539706658,0.2795874279905117,1282.7427999997744,6572.2513200001795,10275.671528000013,21311.530400000047,0.37939203816666667,151034,0,47881,1.0442555502182493,0,0,0,0.0,10,108,142208,0,0,b434f1816a707f4bac697235588184ebc374c9907cb981bb65fb0643471fe711,f4ab14982616cfc8dcf633d6dcc8545ebfc5d6cb76d2df500a40cb14e1152eab,9a62361fd8a0c42bd9e34db934b185e4f2dda2cd,False
phase-a-result-v3,S5-BAND-0.1,S5_CENTRALIZED_MASTER_TTFT,E1_LRU,4,FIXED_TOTAL,50000,QUEUED,INSERT_AT_COMPLETION,DELAYED,100,0,1,713,0.0568,1,2,1.25,2,128,99,0.7,0.1,23608,0.5064442685584186,0.523164845882919,0.5064442685584186,0.523164845882919,1.6463910538800406,1.563008399441356,1.5742644755416988,0.48833741335088565,0.2727888851236868,1296.573599999887,6589.078320000111,10504.668679999973,21747.754400000034,0.38142072511111114,152040,0,47135,1.0607828577490188,0,0,0,0.0,0,119,143087,0,0,b434f1816a707f4bac697235588184ebc374c9907cb981bb65fb0643471fe711,2ae358fc3f823ef2daf8a14cd70741735d732b04852cbb57f7d30fa310902ca6,9a62361fd8a0c42bd9e34db934b185e4f2dda2cd,False
phase-a-result-v3,S5-BAND-0.2,S5_CENTRALIZED_MASTER_TTFT,E1_LRU,4,FIXED_TOTAL,50000,QUEUED,INSERT_AT_COMPLETION,DELAYED,100,0,1,713,0.0568,1,2,1.25,2,128,99,0.7,0.2,23608,0.5056845386411828,0.5224002781060553,0.5056845386411828,0.5224002781060553,1.6365638766519823,1.5750203111122383,1.6137327334154783,0.5037898799767907,0.2806252117926127,1347.7219999998342,6696.242880000271,10599.308839999989,21747.754400000034,0.3820323033333334,152351,0,47266,1.0578428468666694,0,0,0,0.0,0,119,143498,0,0,b434f1816a707f4bac697235588184ebc374c9907cb981bb65fb0643471fe711,c16afd91c168c5f95a6b141326ec834d54dbe6a6370b81675f2024525c02ea71,9a62361fd8a0c42bd9e34db934b185e4f2dda2cd,False
